dataset,model,file_index,budget_ratio,budget_size,strategy,precision,diversity,selected_failed,selected_count,total_failed,total_diversity,recall_optional,diversity_recall_optional,combined_f1_optional
agnews,blstm,0,0.1,456,temporalrnn,0.5350877192982456,12,244,456,919,12,0.26550598476605,1.0,0.6971428571428571
agnews,blstm,0,0.2,912,temporalrnn,0.4835526315789473,12,441,912,919,12,0.4798694232861806,1.0,0.6518847006651884
agnews,blstm,1,0.1,456,temporalrnn,0.5570175438596491,12,254,456,947,12,0.2682154171066526,1.0,0.7154929577464789
agnews,blstm,1,0.2,912,temporalrnn,0.5175438596491229,12,472,912,947,12,0.498416050686378,1.0,0.6820809248554913
agnews,blstm,2,0.1,456,temporalrnn,0.5526315789473685,12,252,456,962,12,0.2619542619542619,1.0,0.711864406779661
agnews,blstm,2,0.2,912,temporalrnn,0.5131578947368421,12,468,912,962,12,0.4864864864864865,1.0,0.6782608695652175
agnews,blstm,3,0.1,456,temporalrnn,0.5372807017543859,12,245,456,930,12,0.2634408602150537,1.0,0.6990014265335235
agnews,blstm,3,0.2,912,temporalrnn,0.4945175438596491,12,451,912,930,12,0.4849462365591397,1.0,0.6617754952311078
agnews,blstm,4,0.1,456,temporalrnn,0.5307017543859649,12,242,456,899,12,0.2691879866518353,1.0,0.6934097421203438
agnews,blstm,4,0.2,912,temporalrnn,0.4857456140350877,12,443,912,899,12,0.492769744160178,1.0,0.6538745387453874
agnews,blstm,5,0.1,456,temporalrnn,0.5570175438596491,12,254,456,966,12,0.2629399585921325,1.0,0.7154929577464789
agnews,blstm,5,0.2,912,temporalrnn,0.5,12,456,912,966,12,0.4720496894409938,1.0,0.6666666666666666
agnews,blstm,6,0.1,456,temporalrnn,0.5504385964912281,12,251,456,956,12,0.2625523012552301,1.0,0.71004243281471
agnews,blstm,6,0.2,912,temporalrnn,0.5076754385964912,12,463,912,956,12,0.4843096234309623,1.0,0.6734545454545454
agnews,blstm,7,0.1,456,temporalrnn,0.5657894736842105,12,258,456,888,12,0.2905405405405405,1.0,0.7226890756302521
agnews,blstm,7,0.2,912,temporalrnn,0.4868421052631579,12,444,912,888,12,0.5,1.0,0.6548672566371682
agnews,blstm,8,0.1,456,temporalrnn,0.5350877192982456,12,244,456,908,12,0.2687224669603524,1.0,0.6971428571428571
agnews,blstm,8,0.2,912,temporalrnn,0.4846491228070175,12,442,912,908,12,0.486784140969163,1.0,0.6528803545051699
agnews,blstm,9,0.1,456,temporalrnn,0.5394736842105263,12,246,456,920,12,0.2673913043478261,1.0,0.7008547008547009
agnews,blstm,9,0.2,912,temporalrnn,0.4901315789473684,12,447,912,920,12,0.4858695652173913,1.0,0.6578366445916115
agnews,blstm,10,0.1,456,temporalrnn,0.5350877192982456,12,244,456,972,12,0.2510288065843621,1.0,0.6971428571428571
agnews,blstm,10,0.2,912,temporalrnn,0.5021929824561403,12,458,912,972,12,0.4711934156378601,1.0,0.6686131386861313
agnews,blstm,11,0.1,456,temporalrnn,0.5350877192982456,12,244,456,932,12,0.2618025751072961,1.0,0.6971428571428571
agnews,blstm,11,0.2,912,temporalrnn,0.4989035087719298,12,455,912,932,12,0.4881974248927038,1.0,0.6656912948061449
agnews,blstm,12,0.1,456,temporalrnn,0.543859649122807,12,248,456,900,12,0.2755555555555555,1.0,0.7045454545454546
agnews,blstm,12,0.2,912,temporalrnn,0.4890350877192982,12,446,912,900,12,0.4955555555555556,1.0,0.6568483063328424
agnews,blstm,13,0.1,456,temporalrnn,0.5372807017543859,12,245,456,908,12,0.2698237885462555,1.0,0.6990014265335235
agnews,blstm,13,0.2,912,temporalrnn,0.4747807017543859,12,433,912,908,12,0.4768722466960352,1.0,0.6438661710037175
agnews,blstm,14,0.1,456,temporalrnn,0.5657894736842105,12,258,456,916,12,0.2816593886462882,1.0,0.7226890756302521
agnews,blstm,14,0.2,912,temporalrnn,0.5208333333333334,12,475,912,916,12,0.5185589519650655,1.0,0.684931506849315
agnews,blstm,15,0.1,456,temporalrnn,0.5109649122807017,12,233,456,916,12,0.2543668122270742,1.0,0.6763425253991292
agnews,blstm,15,0.2,912,temporalrnn,0.481359649122807,12,439,912,916,12,0.4792576419213973,1.0,0.6498889711324946
agnews,blstm,16,0.1,456,temporalrnn,0.5153508771929824,12,235,456,903,12,0.2602436323366556,1.0,0.6801736613603473
agnews,blstm,16,0.2,912,temporalrnn,0.4923245614035088,12,449,912,903,12,0.4972314507198228,1.0,0.659808963997061
agnews,blstm,17,0.1,456,temporalrnn,0.5548245614035088,12,253,456,954,12,0.2651991614255765,1.0,0.7136812411847673
agnews,blstm,17,0.2,912,temporalrnn,0.5032894736842105,12,459,912,954,12,0.4811320754716981,1.0,0.6695842450765863
agnews,blstm,18,0.1,456,temporalrnn,0.5526315789473685,12,252,456,941,12,0.2678002125398512,1.0,0.711864406779661
agnews,blstm,18,0.2,912,temporalrnn,0.5021929824561403,12,458,912,941,12,0.4867162592986185,1.0,0.6686131386861313
agnews,blstm,19,0.1,456,temporalrnn,0.5592105263157895,12,255,456,949,12,0.2687038988408851,1.0,0.7172995780590717
agnews,blstm,19,0.2,912,temporalrnn,0.5,12,456,912,949,12,0.4805057955742887,1.0,0.6666666666666666
agnews,blstm,20,0.1,456,temporalrnn,0.5372807017543859,12,245,456,983,12,0.2492370295015259,1.0,0.6990014265335235
agnews,blstm,20,0.2,912,temporalrnn,0.4923245614035088,12,449,912,983,12,0.45676500508647,1.0,0.659808963997061
agnews,blstm,21,0.1,456,temporalrnn,0.5394736842105263,12,246,456,939,12,0.2619808306709265,1.0,0.7008547008547009
agnews,blstm,21,0.2,912,temporalrnn,0.4978070175438596,12,454,912,939,12,0.483493077742279,1.0,0.6647144948755491
agnews,blstm,22,0.1,456,temporalrnn,0.5153508771929824,12,235,456,937,12,0.2508004268943437,1.0,0.6801736613603473
agnews,blstm,22,0.2,912,temporalrnn,0.4736842105263157,12,432,912,937,12,0.4610458911419424,1.0,0.6428571428571429
agnews,blstm,23,0.1,456,temporalrnn,0.5745614035087719,12,262,456,954,12,0.2746331236897275,1.0,0.7298050139275767
agnews,blstm,23,0.2,912,temporalrnn,0.5131578947368421,12,468,912,954,12,0.490566037735849,1.0,0.6782608695652175
agnews,blstm,24,0.1,456,temporalrnn,0.5175438596491229,12,236,456,959,12,0.246089676746611,1.0,0.6820809248554913
agnews,blstm,24,0.2,912,temporalrnn,0.4923245614035088,12,449,912,959,12,0.4681960375391032,1.0,0.659808963997061
agnews,blstm,25,0.1,456,temporalrnn,0.5592105263157895,12,255,456,974,12,0.2618069815195072,1.0,0.7172995780590717
agnews,blstm,25,0.2,912,temporalrnn,0.5219298245614035,12,476,912,974,12,0.4887063655030801,1.0,0.685878962536023
agnews,blstm,26,0.1,456,temporalrnn,0.5460526315789473,12,249,456,898,12,0.27728285077951,1.0,0.7063829787234043
agnews,blstm,26,0.2,912,temporalrnn,0.5087719298245614,12,464,912,898,12,0.5167037861915368,1.0,0.6744186046511628
agnews,blstm,27,0.1,456,temporalrnn,0.5570175438596491,12,254,456,954,12,0.2662473794549266,1.0,0.7154929577464789
agnews,blstm,27,0.2,912,temporalrnn,0.5098684210526315,12,465,912,954,12,0.4874213836477987,1.0,0.6753812636165577
agnews,blstm,28,0.1,456,temporalrnn,0.5548245614035088,12,253,456,914,12,0.2768052516411378,1.0,0.7136812411847673
agnews,blstm,28,0.2,912,temporalrnn,0.4989035087719298,12,455,912,914,12,0.4978118161925601,1.0,0.6656912948061449
agnews,blstm,29,0.1,456,temporalrnn,0.5263157894736842,12,240,456,898,12,0.267260579064588,1.0,0.6896551724137931
agnews,blstm,29,0.2,912,temporalrnn,0.4934210526315789,12,450,912,898,12,0.5011135857461024,1.0,0.6607929515418501
agnews,gru,0,0.1,456,temporalrnn,0.5109649122807017,12,233,456,876,12,0.2659817351598174,1.0,0.6763425253991292
agnews,gru,0,0.2,912,temporalrnn,0.4561403508771929,12,416,912,876,12,0.4748858447488584,1.0,0.6265060240963854
agnews,gru,1,0.1,456,temporalrnn,0.5921052631578947,12,270,456,980,12,0.2755102040816326,1.0,0.743801652892562
agnews,gru,1,0.2,912,temporalrnn,0.5350877192982456,12,488,912,980,12,0.4979591836734693,1.0,0.6971428571428571
agnews,gru,2,0.1,456,temporalrnn,0.5767543859649122,12,263,456,964,12,0.2728215767634854,1.0,0.7315716272600834
agnews,gru,2,0.2,912,temporalrnn,0.5164473684210527,12,471,912,964,12,0.4885892116182572,1.0,0.6811279826464208
agnews,gru,3,0.1,456,temporalrnn,0.5241228070175439,12,239,456,931,12,0.2567132116004296,1.0,0.6877697841726619
agnews,gru,3,0.2,912,temporalrnn,0.4901315789473684,12,447,912,931,12,0.4801288936627282,1.0,0.6578366445916115
agnews,gru,4,0.1,456,temporalrnn,0.5855263157894737,12,267,456,898,12,0.2973273942093541,1.0,0.7385892116182573
agnews,gru,4,0.2,912,temporalrnn,0.5087719298245614,12,464,912,898,12,0.5167037861915368,1.0,0.6744186046511628
agnews,gru,5,0.1,456,temporalrnn,0.5701754385964912,12,260,456,974,12,0.2669404517453799,1.0,0.7262569832402235
agnews,gru,5,0.2,912,temporalrnn,0.5098684210526315,12,465,912,974,12,0.4774127310061601,1.0,0.6753812636165577
agnews,gru,6,0.1,456,temporalrnn,0.5635964912280702,12,257,456,936,12,0.2745726495726496,1.0,0.7208976157082749
agnews,gru,6,0.2,912,temporalrnn,0.4846491228070175,12,442,912,936,12,0.4722222222222222,1.0,0.6528803545051699
agnews,gru,7,0.1,456,temporalrnn,0.543859649122807,12,248,456,883,12,0.2808607021517554,1.0,0.7045454545454546
agnews,gru,7,0.2,912,temporalrnn,0.4868421052631579,12,444,912,883,12,0.5028312570781427,1.0,0.6548672566371682
agnews,gru,8,0.1,456,temporalrnn,0.5592105263157895,12,255,456,889,12,0.2868391451068616,1.0,0.7172995780590717
agnews,gru,8,0.2,912,temporalrnn,0.5,12,456,912,889,12,0.5129358830146231,1.0,0.6666666666666666
agnews,gru,9,0.1,456,temporalrnn,0.5285087719298246,12,241,456,891,12,0.2704826038159371,1.0,0.6915351506456242
agnews,gru,9,0.2,912,temporalrnn,0.4703947368421052,12,429,912,891,12,0.4814814814814814,1.0,0.639821029082774
agnews,gru,10,0.1,456,temporalrnn,0.5328947368421053,12,243,456,963,12,0.2523364485981308,1.0,0.6952789699570816
agnews,gru,10,0.2,912,temporalrnn,0.4978070175438596,12,454,912,963,12,0.4714434060228453,1.0,0.6647144948755491
agnews,gru,11,0.1,456,temporalrnn,0.5307017543859649,12,242,456,914,12,0.2647702407002188,1.0,0.6934097421203438
agnews,gru,11,0.2,912,temporalrnn,0.4857456140350877,12,443,912,914,12,0.4846827133479212,1.0,0.6538745387453874
agnews,gru,12,0.1,456,temporalrnn,0.5307017543859649,12,242,456,900,12,0.2688888888888889,1.0,0.6934097421203438
agnews,gru,12,0.2,912,temporalrnn,0.481359649122807,12,439,912,900,12,0.4877777777777777,1.0,0.6498889711324946
agnews,gru,13,0.1,456,temporalrnn,0.5460526315789473,12,249,456,919,12,0.2709466811751904,1.0,0.7063829787234043
agnews,gru,13,0.2,912,temporalrnn,0.4945175438596491,12,451,912,919,12,0.4907508161044613,1.0,0.6617754952311078
agnews,gru,14,0.1,456,temporalrnn,0.5307017543859649,12,242,456,910,12,0.2659340659340659,1.0,0.6934097421203438
agnews,gru,14,0.2,912,temporalrnn,0.5054824561403509,12,461,912,910,12,0.5065934065934066,1.0,0.6715222141296431
agnews,gru,15,0.1,456,temporalrnn,0.5679824561403509,12,259,456,927,12,0.279395900755124,1.0,0.7244755244755244
agnews,gru,15,0.2,912,temporalrnn,0.5153508771929824,12,470,912,927,12,0.5070118662351673,1.0,0.6801736613603473
agnews,gru,16,0.1,456,temporalrnn,0.5482456140350878,12,250,456,902,12,0.2771618625277162,1.0,0.708215297450425
agnews,gru,16,0.2,912,temporalrnn,0.4923245614035088,12,449,912,902,12,0.4977827050997783,1.0,0.659808963997061
agnews,gru,17,0.1,456,temporalrnn,0.5350877192982456,12,244,456,936,12,0.2606837606837607,1.0,0.6971428571428571
agnews,gru,17,0.2,912,temporalrnn,0.4923245614035088,12,449,912,936,12,0.4797008547008547,1.0,0.659808963997061
agnews,gru,18,0.1,456,temporalrnn,0.5701754385964912,12,260,456,935,12,0.2780748663101604,1.0,0.7262569832402235
agnews,gru,18,0.2,912,temporalrnn,0.5010964912280702,12,457,912,935,12,0.4887700534759358,1.0,0.6676406135865596
agnews,gru,19,0.1,456,temporalrnn,0.5482456140350878,12,250,456,947,12,0.2639915522703273,1.0,0.708215297450425
agnews,gru,19,0.2,912,temporalrnn,0.5142543859649122,12,469,912,947,12,0.4952481520591341,1.0,0.6792179580014482
agnews,gru,20,0.1,456,temporalrnn,0.5285087719298246,12,241,456,984,12,0.2449186991869918,1.0,0.6915351506456242
agnews,gru,20,0.2,912,temporalrnn,0.506578947368421,12,462,912,984,12,0.4695121951219512,1.0,0.6724890829694323
agnews,gru,21,0.1,456,temporalrnn,0.5855263157894737,12,267,456,942,12,0.2834394904458598,1.0,0.7385892116182573
agnews,gru,21,0.2,912,temporalrnn,0.5131578947368421,12,468,912,942,12,0.4968152866242038,1.0,0.6782608695652175
agnews,gru,22,0.1,456,temporalrnn,0.5241228070175439,12,239,456,934,12,0.2558886509635974,1.0,0.6877697841726619
agnews,gru,22,0.2,912,temporalrnn,0.4769736842105263,12,435,912,934,12,0.4657387580299786,1.0,0.6458797327394209
agnews,gru,23,0.1,456,temporalrnn,0.618421052631579,12,282,456,940,12,0.3,1.0,0.7642276422764228
agnews,gru,23,0.2,912,temporalrnn,0.5383771929824561,12,491,912,940,12,0.5223404255319148,1.0,0.6999287241625088
agnews,gru,24,0.1,456,temporalrnn,0.5548245614035088,12,253,456,974,12,0.2597535934291581,1.0,0.7136812411847673
agnews,gru,24,0.2,912,temporalrnn,0.5219298245614035,12,476,912,974,12,0.4887063655030801,1.0,0.685878962536023
agnews,gru,25,0.1,456,temporalrnn,0.5592105263157895,12,255,456,972,12,0.2623456790123457,1.0,0.7172995780590717
agnews,gru,25,0.2,912,temporalrnn,0.5054824561403509,12,461,912,972,12,0.4742798353909465,1.0,0.6715222141296431
agnews,gru,26,0.1,456,temporalrnn,0.5526315789473685,12,252,456,912,12,0.2763157894736842,1.0,0.711864406779661
agnews,gru,26,0.2,912,temporalrnn,0.4934210526315789,12,450,912,912,12,0.4934210526315789,1.0,0.6607929515418501
agnews,gru,27,0.1,456,temporalrnn,0.5964912280701754,12,272,456,947,12,0.2872228088701161,1.0,0.7472527472527472
agnews,gru,27,0.2,912,temporalrnn,0.518640350877193,12,473,912,947,12,0.4994720168954593,1.0,0.6830324909747292
agnews,gru,28,0.1,456,temporalrnn,0.5592105263157895,12,255,456,936,12,0.2724358974358974,1.0,0.7172995780590717
agnews,gru,28,0.2,912,temporalrnn,0.4978070175438596,12,454,912,936,12,0.485042735042735,1.0,0.6647144948755491
agnews,gru,29,0.1,456,temporalrnn,0.5460526315789473,12,249,456,888,12,0.2804054054054054,1.0,0.7063829787234043
agnews,gru,29,0.2,912,temporalrnn,0.4967105263157895,12,453,912,888,12,0.5101351351351351,1.0,0.6637362637362638
agnews,lstm,0,0.1,456,temporalrnn,0.6118421052631579,12,279,456,1058,12,0.2637051039697543,1.0,0.7591836734693876
agnews,lstm,0,0.2,912,temporalrnn,0.5383771929824561,12,491,912,1058,12,0.4640831758034026,1.0,0.6999287241625088
agnews,lstm,1,0.1,456,temporalrnn,0.5701754385964912,12,260,456,1049,12,0.2478551000953288,1.0,0.7262569832402235
agnews,lstm,1,0.2,912,temporalrnn,0.5274122807017544,12,481,912,1049,12,0.4585319351763584,1.0,0.6905958363244796
agnews,lstm,2,0.1,456,temporalrnn,0.5789473684210527,12,264,456,1044,12,0.2528735632183908,1.0,0.7333333333333334
agnews,lstm,2,0.2,912,temporalrnn,0.5252192982456141,12,479,912,1044,12,0.4588122605363984,1.0,0.6887131560028756
agnews,lstm,3,0.1,456,temporalrnn,0.5350877192982456,12,244,456,1020,12,0.2392156862745098,1.0,0.6971428571428571
agnews,lstm,3,0.2,912,temporalrnn,0.4846491228070175,12,442,912,1020,12,0.4333333333333333,1.0,0.6528803545051699
agnews,lstm,4,0.1,456,temporalrnn,0.5570175438596491,12,254,456,990,12,0.2565656565656565,1.0,0.7154929577464789
agnews,lstm,4,0.2,912,temporalrnn,0.5010964912280702,12,457,912,990,12,0.4616161616161616,1.0,0.6676406135865596
agnews,lstm,5,0.1,456,temporalrnn,0.543859649122807,12,248,456,1072,12,0.2313432835820895,1.0,0.7045454545454546
agnews,lstm,5,0.2,912,temporalrnn,0.5142543859649122,12,469,912,1072,12,0.4375,1.0,0.6792179580014482
agnews,lstm,6,0.1,456,temporalrnn,0.5548245614035088,12,253,456,1046,12,0.2418738049713193,1.0,0.7136812411847673
agnews,lstm,6,0.2,912,temporalrnn,0.5010964912280702,12,457,912,1046,12,0.4369024856596558,1.0,0.6676406135865596
agnews,lstm,7,0.1,456,temporalrnn,0.5526315789473685,12,252,456,988,12,0.2550607287449393,1.0,0.711864406779661
agnews,lstm,7,0.2,912,temporalrnn,0.5054824561403509,12,461,912,988,12,0.4665991902834008,1.0,0.6715222141296431
agnews,lstm,8,0.1,456,temporalrnn,0.5635964912280702,12,257,456,998,12,0.2575150300601202,1.0,0.7208976157082749
agnews,lstm,8,0.2,912,temporalrnn,0.5153508771929824,12,470,912,998,12,0.4709418837675351,1.0,0.6801736613603473
agnews,lstm,9,0.1,456,temporalrnn,0.5548245614035088,12,253,456,1012,12,0.25,1.0,0.7136812411847673
agnews,lstm,9,0.2,912,temporalrnn,0.4978070175438596,12,454,912,1012,12,0.4486166007905138,1.0,0.6647144948755491
agnews,lstm,10,0.1,456,temporalrnn,0.5416666666666666,12,247,456,1050,12,0.2352380952380952,1.0,0.7027027027027027
agnews,lstm,10,0.2,912,temporalrnn,0.5010964912280702,12,457,912,1050,12,0.4352380952380952,1.0,0.6676406135865596
agnews,lstm,11,0.1,456,temporalrnn,0.5482456140350878,12,250,456,1018,12,0.2455795677799607,1.0,0.708215297450425
agnews,lstm,11,0.2,912,temporalrnn,0.5010964912280702,12,457,912,1018,12,0.4489194499017682,1.0,0.6676406135865596
agnews,lstm,12,0.1,456,temporalrnn,0.5570175438596491,12,254,456,1002,12,0.2534930139720558,1.0,0.7154929577464789
agnews,lstm,12,0.2,912,temporalrnn,0.5087719298245614,12,464,912,1002,12,0.4630738522954092,1.0,0.6744186046511628
agnews,lstm,13,0.1,456,temporalrnn,0.5723684210526315,12,261,456,1028,12,0.2538910505836576,1.0,0.7280334728033473
agnews,lstm,13,0.2,912,temporalrnn,0.5131578947368421,12,468,912,1028,12,0.4552529182879377,1.0,0.6782608695652175
agnews,lstm,14,0.1,456,temporalrnn,0.5877192982456141,12,268,456,1026,12,0.2612085769980506,1.0,0.7403314917127072
agnews,lstm,14,0.2,912,temporalrnn,0.5285087719298246,12,482,912,1026,12,0.4697855750487329,1.0,0.6915351506456242
agnews,lstm,15,0.1,456,temporalrnn,0.5570175438596491,12,254,456,1037,12,0.244937319189971,1.0,0.7154929577464789
agnews,lstm,15,0.2,912,temporalrnn,0.5010964912280702,12,457,912,1037,12,0.4406943105110897,1.0,0.6676406135865596
agnews,lstm,16,0.1,456,temporalrnn,0.5701754385964912,12,260,456,1030,12,0.2524271844660194,1.0,0.7262569832402235
agnews,lstm,16,0.2,912,temporalrnn,0.5153508771929824,12,470,912,1030,12,0.4563106796116505,1.0,0.6801736613603473
agnews,lstm,17,0.1,456,temporalrnn,0.5570175438596491,12,254,456,1022,12,0.24853228962818,1.0,0.7154929577464789
agnews,lstm,17,0.2,912,temporalrnn,0.5175438596491229,12,472,912,1022,12,0.461839530332681,1.0,0.6820809248554913
agnews,lstm,18,0.1,456,temporalrnn,0.5460526315789473,12,249,456,1015,12,0.2453201970443349,1.0,0.7063829787234043
agnews,lstm,18,0.2,912,temporalrnn,0.4868421052631579,12,444,912,1015,12,0.4374384236453202,1.0,0.6548672566371682
agnews,lstm,19,0.1,456,temporalrnn,0.5701754385964912,12,260,456,1067,12,0.2436738519212746,1.0,0.7262569832402235
agnews,lstm,19,0.2,912,temporalrnn,0.5131578947368421,12,468,912,1067,12,0.4386129334582943,1.0,0.6782608695652175
agnews,lstm,20,0.1,456,temporalrnn,0.5942982456140351,12,271,456,1052,12,0.2576045627376426,1.0,0.7455295735900963
agnews,lstm,20,0.2,912,temporalrnn,0.5164473684210527,12,471,912,1052,12,0.4477186311787072,1.0,0.6811279826464208
agnews,lstm,21,0.1,456,temporalrnn,0.5745614035087719,12,262,456,1022,12,0.2563600782778865,1.0,0.7298050139275767
agnews,lstm,21,0.2,912,temporalrnn,0.5164473684210527,12,471,912,1022,12,0.4608610567514677,1.0,0.6811279826464208
agnews,lstm,22,0.1,456,temporalrnn,0.5153508771929824,12,235,456,1020,12,0.230392156862745,1.0,0.6801736613603473
agnews,lstm,22,0.2,912,temporalrnn,0.4923245614035088,12,449,912,1020,12,0.4401960784313725,1.0,0.659808963997061
agnews,lstm,23,0.1,456,temporalrnn,0.5899122807017544,12,269,456,1021,12,0.2634671890303623,1.0,0.7420689655172414
agnews,lstm,23,0.2,912,temporalrnn,0.5252192982456141,12,479,912,1021,12,0.4691478942213516,1.0,0.6887131560028756
agnews,lstm,24,0.1,456,temporalrnn,0.6052631578947368,12,276,456,1100,12,0.2509090909090909,1.0,0.7540983606557378
agnews,lstm,24,0.2,912,temporalrnn,0.5427631578947368,12,495,912,1100,12,0.45,1.0,0.7036247334754798
agnews,lstm,25,0.1,456,temporalrnn,0.6293859649122807,12,287,456,1115,12,0.2573991031390134,1.0,0.7725437415881561
agnews,lstm,25,0.2,912,temporalrnn,0.5493421052631579,12,501,912,1115,12,0.4493273542600897,1.0,0.7091295116772823
agnews,lstm,26,0.1,456,temporalrnn,0.5504385964912281,12,251,456,970,12,0.2587628865979381,1.0,0.71004243281471
agnews,lstm,26,0.2,912,temporalrnn,0.481359649122807,12,439,912,970,12,0.4525773195876288,1.0,0.6498889711324946
agnews,lstm,27,0.1,456,temporalrnn,0.5614035087719298,12,256,456,1053,12,0.2431149097815764,1.0,0.7191011235955056
agnews,lstm,27,0.2,912,temporalrnn,0.5285087719298246,12,482,912,1053,12,0.4577397910731244,1.0,0.6915351506456242
agnews,lstm,28,0.1,456,temporalrnn,0.5394736842105263,12,246,456,1003,12,0.2452642073778664,1.0,0.7008547008547009
agnews,lstm,28,0.2,912,temporalrnn,0.5021929824561403,12,458,912,1003,12,0.456630109670987,1.0,0.6686131386861313
agnews,lstm,29,0.1,456,temporalrnn,0.5877192982456141,12,268,456,998,12,0.2685370741482966,1.0,0.7403314917127072
agnews,lstm,29,0.2,912,temporalrnn,0.5109649122807017,12,466,912,998,12,0.4669338677354709,1.0,0.6763425253991292
agnews,blstm,0,0.1,456,temporalrnn,0.5350877192982456,12,244,456,919,12,0.26550598476605,1.0,0.6971428571428571
agnews,blstm,0,0.2,912,temporalrnn,0.4835526315789473,12,441,912,919,12,0.4798694232861806,1.0,0.6518847006651884
agnews,blstm,1,0.1,456,temporalrnn,0.5570175438596491,12,254,456,947,12,0.2682154171066526,1.0,0.7154929577464789
agnews,blstm,1,0.2,912,temporalrnn,0.5175438596491229,12,472,912,947,12,0.498416050686378,1.0,0.6820809248554913
agnews,blstm,2,0.1,456,temporalrnn,0.5526315789473685,12,252,456,962,12,0.2619542619542619,1.0,0.711864406779661
agnews,blstm,2,0.2,912,temporalrnn,0.5131578947368421,12,468,912,962,12,0.4864864864864865,1.0,0.6782608695652175
agnews,blstm,3,0.1,456,temporalrnn,0.5372807017543859,12,245,456,930,12,0.2634408602150537,1.0,0.6990014265335235
agnews,blstm,3,0.2,912,temporalrnn,0.4945175438596491,12,451,912,930,12,0.4849462365591397,1.0,0.6617754952311078
agnews,blstm,4,0.1,456,temporalrnn,0.5307017543859649,12,242,456,899,12,0.2691879866518353,1.0,0.6934097421203438
agnews,blstm,4,0.2,912,temporalrnn,0.4857456140350877,12,443,912,899,12,0.492769744160178,1.0,0.6538745387453874
agnews,blstm,5,0.1,456,temporalrnn,0.5570175438596491,12,254,456,966,12,0.2629399585921325,1.0,0.7154929577464789
agnews,blstm,5,0.2,912,temporalrnn,0.5,12,456,912,966,12,0.4720496894409938,1.0,0.6666666666666666
agnews,blstm,6,0.1,456,temporalrnn,0.5504385964912281,12,251,456,956,12,0.2625523012552301,1.0,0.71004243281471
agnews,blstm,6,0.2,912,temporalrnn,0.5076754385964912,12,463,912,956,12,0.4843096234309623,1.0,0.6734545454545454
agnews,blstm,7,0.1,456,temporalrnn,0.5657894736842105,12,258,456,888,12,0.2905405405405405,1.0,0.7226890756302521
agnews,blstm,7,0.2,912,temporalrnn,0.4868421052631579,12,444,912,888,12,0.5,1.0,0.6548672566371682
agnews,blstm,8,0.1,456,temporalrnn,0.5350877192982456,12,244,456,908,12,0.2687224669603524,1.0,0.6971428571428571
agnews,blstm,8,0.2,912,temporalrnn,0.4846491228070175,12,442,912,908,12,0.486784140969163,1.0,0.6528803545051699
agnews,blstm,9,0.1,456,temporalrnn,0.5394736842105263,12,246,456,920,12,0.2673913043478261,1.0,0.7008547008547009
agnews,blstm,9,0.2,912,temporalrnn,0.4901315789473684,12,447,912,920,12,0.4858695652173913,1.0,0.6578366445916115
agnews,blstm,10,0.1,456,temporalrnn,0.5350877192982456,12,244,456,972,12,0.2510288065843621,1.0,0.6971428571428571
agnews,blstm,10,0.2,912,temporalrnn,0.5021929824561403,12,458,912,972,12,0.4711934156378601,1.0,0.6686131386861313
agnews,blstm,11,0.1,456,temporalrnn,0.5350877192982456,12,244,456,932,12,0.2618025751072961,1.0,0.6971428571428571
agnews,blstm,11,0.2,912,temporalrnn,0.4989035087719298,12,455,912,932,12,0.4881974248927038,1.0,0.6656912948061449
agnews,blstm,12,0.1,456,temporalrnn,0.543859649122807,12,248,456,900,12,0.2755555555555555,1.0,0.7045454545454546
agnews,blstm,12,0.2,912,temporalrnn,0.4890350877192982,12,446,912,900,12,0.4955555555555556,1.0,0.6568483063328424
agnews,blstm,13,0.1,456,temporalrnn,0.5372807017543859,12,245,456,908,12,0.2698237885462555,1.0,0.6990014265335235
agnews,blstm,13,0.2,912,temporalrnn,0.4747807017543859,12,433,912,908,12,0.4768722466960352,1.0,0.6438661710037175
agnews,blstm,14,0.1,456,temporalrnn,0.5657894736842105,12,258,456,916,12,0.2816593886462882,1.0,0.7226890756302521
agnews,blstm,14,0.2,912,temporalrnn,0.5208333333333334,12,475,912,916,12,0.5185589519650655,1.0,0.684931506849315
agnews,blstm,15,0.1,456,temporalrnn,0.5109649122807017,12,233,456,916,12,0.2543668122270742,1.0,0.6763425253991292
agnews,blstm,15,0.2,912,temporalrnn,0.481359649122807,12,439,912,916,12,0.4792576419213973,1.0,0.6498889711324946
agnews,blstm,16,0.1,456,temporalrnn,0.5153508771929824,12,235,456,903,12,0.2602436323366556,1.0,0.6801736613603473
agnews,blstm,16,0.2,912,temporalrnn,0.4923245614035088,12,449,912,903,12,0.4972314507198228,1.0,0.659808963997061
agnews,blstm,17,0.1,456,temporalrnn,0.5548245614035088,12,253,456,954,12,0.2651991614255765,1.0,0.7136812411847673
agnews,blstm,17,0.2,912,temporalrnn,0.5032894736842105,12,459,912,954,12,0.4811320754716981,1.0,0.6695842450765863
agnews,blstm,18,0.1,456,temporalrnn,0.5526315789473685,12,252,456,941,12,0.2678002125398512,1.0,0.711864406779661
agnews,blstm,18,0.2,912,temporalrnn,0.5021929824561403,12,458,912,941,12,0.4867162592986185,1.0,0.6686131386861313
agnews,blstm,19,0.1,456,temporalrnn,0.5592105263157895,12,255,456,949,12,0.2687038988408851,1.0,0.7172995780590717
agnews,blstm,19,0.2,912,temporalrnn,0.5,12,456,912,949,12,0.4805057955742887,1.0,0.6666666666666666
agnews,blstm,20,0.1,456,temporalrnn,0.5372807017543859,12,245,456,983,12,0.2492370295015259,1.0,0.6990014265335235
agnews,blstm,20,0.2,912,temporalrnn,0.4923245614035088,12,449,912,983,12,0.45676500508647,1.0,0.659808963997061
agnews,blstm,21,0.1,456,temporalrnn,0.5394736842105263,12,246,456,939,12,0.2619808306709265,1.0,0.7008547008547009
agnews,blstm,21,0.2,912,temporalrnn,0.4978070175438596,12,454,912,939,12,0.483493077742279,1.0,0.6647144948755491
agnews,blstm,22,0.1,456,temporalrnn,0.5153508771929824,12,235,456,937,12,0.2508004268943437,1.0,0.6801736613603473
agnews,blstm,22,0.2,912,temporalrnn,0.4736842105263157,12,432,912,937,12,0.4610458911419424,1.0,0.6428571428571429
agnews,blstm,23,0.1,456,temporalrnn,0.5745614035087719,12,262,456,954,12,0.2746331236897275,1.0,0.7298050139275767
agnews,blstm,23,0.2,912,temporalrnn,0.5131578947368421,12,468,912,954,12,0.490566037735849,1.0,0.6782608695652175
agnews,blstm,24,0.1,456,temporalrnn,0.5175438596491229,12,236,456,959,12,0.246089676746611,1.0,0.6820809248554913
agnews,blstm,24,0.2,912,temporalrnn,0.4923245614035088,12,449,912,959,12,0.4681960375391032,1.0,0.659808963997061
agnews,blstm,25,0.1,456,temporalrnn,0.5592105263157895,12,255,456,974,12,0.2618069815195072,1.0,0.7172995780590717
agnews,blstm,25,0.2,912,temporalrnn,0.5219298245614035,12,476,912,974,12,0.4887063655030801,1.0,0.685878962536023
agnews,blstm,26,0.1,456,temporalrnn,0.5460526315789473,12,249,456,898,12,0.27728285077951,1.0,0.7063829787234043
agnews,blstm,26,0.2,912,temporalrnn,0.5087719298245614,12,464,912,898,12,0.5167037861915368,1.0,0.6744186046511628
agnews,blstm,27,0.1,456,temporalrnn,0.5570175438596491,12,254,456,954,12,0.2662473794549266,1.0,0.7154929577464789
agnews,blstm,27,0.2,912,temporalrnn,0.5098684210526315,12,465,912,954,12,0.4874213836477987,1.0,0.6753812636165577
agnews,blstm,28,0.1,456,temporalrnn,0.5548245614035088,12,253,456,914,12,0.2768052516411378,1.0,0.7136812411847673
agnews,blstm,28,0.2,912,temporalrnn,0.4989035087719298,12,455,912,914,12,0.4978118161925601,1.0,0.6656912948061449
agnews,blstm,29,0.1,456,temporalrnn,0.5263157894736842,12,240,456,898,12,0.267260579064588,1.0,0.6896551724137931
agnews,blstm,29,0.2,912,temporalrnn,0.4934210526315789,12,450,912,898,12,0.5011135857461024,1.0,0.6607929515418501
agnews,gru,0,0.1,456,temporalrnn,0.5109649122807017,12,233,456,876,12,0.2659817351598174,1.0,0.6763425253991292
agnews,gru,0,0.2,912,temporalrnn,0.4561403508771929,12,416,912,876,12,0.4748858447488584,1.0,0.6265060240963854
agnews,gru,1,0.1,456,temporalrnn,0.5921052631578947,12,270,456,980,12,0.2755102040816326,1.0,0.743801652892562
agnews,gru,1,0.2,912,temporalrnn,0.5350877192982456,12,488,912,980,12,0.4979591836734693,1.0,0.6971428571428571
agnews,gru,2,0.1,456,temporalrnn,0.5767543859649122,12,263,456,964,12,0.2728215767634854,1.0,0.7315716272600834
agnews,gru,2,0.2,912,temporalrnn,0.5164473684210527,12,471,912,964,12,0.4885892116182572,1.0,0.6811279826464208
agnews,gru,3,0.1,456,temporalrnn,0.5241228070175439,12,239,456,931,12,0.2567132116004296,1.0,0.6877697841726619
agnews,gru,3,0.2,912,temporalrnn,0.4901315789473684,12,447,912,931,12,0.4801288936627282,1.0,0.6578366445916115
agnews,gru,4,0.1,456,temporalrnn,0.5855263157894737,12,267,456,898,12,0.2973273942093541,1.0,0.7385892116182573
agnews,gru,4,0.2,912,temporalrnn,0.5087719298245614,12,464,912,898,12,0.5167037861915368,1.0,0.6744186046511628
agnews,gru,5,0.1,456,temporalrnn,0.5701754385964912,12,260,456,974,12,0.2669404517453799,1.0,0.7262569832402235
agnews,gru,5,0.2,912,temporalrnn,0.5098684210526315,12,465,912,974,12,0.4774127310061601,1.0,0.6753812636165577
agnews,gru,6,0.1,456,temporalrnn,0.5635964912280702,12,257,456,936,12,0.2745726495726496,1.0,0.7208976157082749
agnews,gru,6,0.2,912,temporalrnn,0.4846491228070175,12,442,912,936,12,0.4722222222222222,1.0,0.6528803545051699
agnews,gru,7,0.1,456,temporalrnn,0.543859649122807,12,248,456,883,12,0.2808607021517554,1.0,0.7045454545454546
agnews,gru,7,0.2,912,temporalrnn,0.4868421052631579,12,444,912,883,12,0.5028312570781427,1.0,0.6548672566371682
agnews,gru,8,0.1,456,temporalrnn,0.5592105263157895,12,255,456,889,12,0.2868391451068616,1.0,0.7172995780590717
agnews,gru,8,0.2,912,temporalrnn,0.5,12,456,912,889,12,0.5129358830146231,1.0,0.6666666666666666
agnews,gru,9,0.1,456,temporalrnn,0.5285087719298246,12,241,456,891,12,0.2704826038159371,1.0,0.6915351506456242
agnews,gru,9,0.2,912,temporalrnn,0.4703947368421052,12,429,912,891,12,0.4814814814814814,1.0,0.639821029082774
agnews,gru,10,0.1,456,temporalrnn,0.5328947368421053,12,243,456,963,12,0.2523364485981308,1.0,0.6952789699570816
agnews,gru,10,0.2,912,temporalrnn,0.4978070175438596,12,454,912,963,12,0.4714434060228453,1.0,0.6647144948755491
agnews,gru,11,0.1,456,temporalrnn,0.5307017543859649,12,242,456,914,12,0.2647702407002188,1.0,0.6934097421203438
agnews,gru,11,0.2,912,temporalrnn,0.4857456140350877,12,443,912,914,12,0.4846827133479212,1.0,0.6538745387453874
agnews,gru,12,0.1,456,temporalrnn,0.5307017543859649,12,242,456,900,12,0.2688888888888889,1.0,0.6934097421203438
agnews,gru,12,0.2,912,temporalrnn,0.481359649122807,12,439,912,900,12,0.4877777777777777,1.0,0.6498889711324946
agnews,gru,13,0.1,456,temporalrnn,0.5460526315789473,12,249,456,919,12,0.2709466811751904,1.0,0.7063829787234043
agnews,gru,13,0.2,912,temporalrnn,0.4945175438596491,12,451,912,919,12,0.4907508161044613,1.0,0.6617754952311078
agnews,gru,14,0.1,456,temporalrnn,0.5307017543859649,12,242,456,910,12,0.2659340659340659,1.0,0.6934097421203438
agnews,gru,14,0.2,912,temporalrnn,0.5054824561403509,12,461,912,910,12,0.5065934065934066,1.0,0.6715222141296431
agnews,gru,15,0.1,456,temporalrnn,0.5679824561403509,12,259,456,927,12,0.279395900755124,1.0,0.7244755244755244
agnews,gru,15,0.2,912,temporalrnn,0.5153508771929824,12,470,912,927,12,0.5070118662351673,1.0,0.6801736613603473
agnews,gru,16,0.1,456,temporalrnn,0.5482456140350878,12,250,456,902,12,0.2771618625277162,1.0,0.708215297450425
agnews,gru,16,0.2,912,temporalrnn,0.4923245614035088,12,449,912,902,12,0.4977827050997783,1.0,0.659808963997061
agnews,gru,17,0.1,456,temporalrnn,0.5350877192982456,12,244,456,936,12,0.2606837606837607,1.0,0.6971428571428571
agnews,gru,17,0.2,912,temporalrnn,0.4923245614035088,12,449,912,936,12,0.4797008547008547,1.0,0.659808963997061
agnews,gru,18,0.1,456,temporalrnn,0.5701754385964912,12,260,456,935,12,0.2780748663101604,1.0,0.7262569832402235
agnews,gru,18,0.2,912,temporalrnn,0.5010964912280702,12,457,912,935,12,0.4887700534759358,1.0,0.6676406135865596
agnews,gru,19,0.1,456,temporalrnn,0.5482456140350878,12,250,456,947,12,0.2639915522703273,1.0,0.708215297450425
agnews,gru,19,0.2,912,temporalrnn,0.5142543859649122,12,469,912,947,12,0.4952481520591341,1.0,0.6792179580014482
agnews,gru,20,0.1,456,temporalrnn,0.5285087719298246,12,241,456,984,12,0.2449186991869918,1.0,0.6915351506456242
agnews,gru,20,0.2,912,temporalrnn,0.506578947368421,12,462,912,984,12,0.4695121951219512,1.0,0.6724890829694323
agnews,gru,21,0.1,456,temporalrnn,0.5855263157894737,12,267,456,942,12,0.2834394904458598,1.0,0.7385892116182573
agnews,gru,21,0.2,912,temporalrnn,0.5131578947368421,12,468,912,942,12,0.4968152866242038,1.0,0.6782608695652175
agnews,gru,22,0.1,456,temporalrnn,0.5241228070175439,12,239,456,934,12,0.2558886509635974,1.0,0.6877697841726619
agnews,gru,22,0.2,912,temporalrnn,0.4769736842105263,12,435,912,934,12,0.4657387580299786,1.0,0.6458797327394209
agnews,gru,23,0.1,456,temporalrnn,0.618421052631579,12,282,456,940,12,0.3,1.0,0.7642276422764228
agnews,gru,23,0.2,912,temporalrnn,0.5383771929824561,12,491,912,940,12,0.5223404255319148,1.0,0.6999287241625088
agnews,gru,24,0.1,456,temporalrnn,0.5548245614035088,12,253,456,974,12,0.2597535934291581,1.0,0.7136812411847673
agnews,gru,24,0.2,912,temporalrnn,0.5219298245614035,12,476,912,974,12,0.4887063655030801,1.0,0.685878962536023
agnews,gru,25,0.1,456,temporalrnn,0.5592105263157895,12,255,456,972,12,0.2623456790123457,1.0,0.7172995780590717
agnews,gru,25,0.2,912,temporalrnn,0.5054824561403509,12,461,912,972,12,0.4742798353909465,1.0,0.6715222141296431
agnews,gru,26,0.1,456,temporalrnn,0.5526315789473685,12,252,456,912,12,0.2763157894736842,1.0,0.711864406779661
agnews,gru,26,0.2,912,temporalrnn,0.4934210526315789,12,450,912,912,12,0.4934210526315789,1.0,0.6607929515418501
agnews,gru,27,0.1,456,temporalrnn,0.5964912280701754,12,272,456,947,12,0.2872228088701161,1.0,0.7472527472527472
agnews,gru,27,0.2,912,temporalrnn,0.518640350877193,12,473,912,947,12,0.4994720168954593,1.0,0.6830324909747292
agnews,gru,28,0.1,456,temporalrnn,0.5592105263157895,12,255,456,936,12,0.2724358974358974,1.0,0.7172995780590717
agnews,gru,28,0.2,912,temporalrnn,0.4978070175438596,12,454,912,936,12,0.485042735042735,1.0,0.6647144948755491
agnews,gru,29,0.1,456,temporalrnn,0.5460526315789473,12,249,456,888,12,0.2804054054054054,1.0,0.7063829787234043
agnews,gru,29,0.2,912,temporalrnn,0.4967105263157895,12,453,912,888,12,0.5101351351351351,1.0,0.6637362637362638
agnews,lstm,0,0.1,456,temporalrnn,0.6118421052631579,12,279,456,1058,12,0.2637051039697543,1.0,0.7591836734693876
agnews,lstm,0,0.2,912,temporalrnn,0.5383771929824561,12,491,912,1058,12,0.4640831758034026,1.0,0.6999287241625088
agnews,lstm,1,0.1,456,temporalrnn,0.5701754385964912,12,260,456,1049,12,0.2478551000953288,1.0,0.7262569832402235
agnews,lstm,1,0.2,912,temporalrnn,0.5274122807017544,12,481,912,1049,12,0.4585319351763584,1.0,0.6905958363244796
agnews,lstm,2,0.1,456,temporalrnn,0.5789473684210527,12,264,456,1044,12,0.2528735632183908,1.0,0.7333333333333334
agnews,lstm,2,0.2,912,temporalrnn,0.5252192982456141,12,479,912,1044,12,0.4588122605363984,1.0,0.6887131560028756
agnews,lstm,3,0.1,456,temporalrnn,0.5350877192982456,12,244,456,1020,12,0.2392156862745098,1.0,0.6971428571428571
agnews,lstm,3,0.2,912,temporalrnn,0.4846491228070175,12,442,912,1020,12,0.4333333333333333,1.0,0.6528803545051699
agnews,lstm,4,0.1,456,temporalrnn,0.5570175438596491,12,254,456,990,12,0.2565656565656565,1.0,0.7154929577464789
agnews,lstm,4,0.2,912,temporalrnn,0.5010964912280702,12,457,912,990,12,0.4616161616161616,1.0,0.6676406135865596
agnews,lstm,5,0.1,456,temporalrnn,0.543859649122807,12,248,456,1072,12,0.2313432835820895,1.0,0.7045454545454546
agnews,lstm,5,0.2,912,temporalrnn,0.5142543859649122,12,469,912,1072,12,0.4375,1.0,0.6792179580014482
agnews,lstm,6,0.1,456,temporalrnn,0.5548245614035088,12,253,456,1046,12,0.2418738049713193,1.0,0.7136812411847673
agnews,lstm,6,0.2,912,temporalrnn,0.5010964912280702,12,457,912,1046,12,0.4369024856596558,1.0,0.6676406135865596
agnews,lstm,7,0.1,456,temporalrnn,0.5526315789473685,12,252,456,988,12,0.2550607287449393,1.0,0.711864406779661
agnews,lstm,7,0.2,912,temporalrnn,0.5054824561403509,12,461,912,988,12,0.4665991902834008,1.0,0.6715222141296431
agnews,lstm,8,0.1,456,temporalrnn,0.5635964912280702,12,257,456,998,12,0.2575150300601202,1.0,0.7208976157082749
agnews,lstm,8,0.2,912,temporalrnn,0.5153508771929824,12,470,912,998,12,0.4709418837675351,1.0,0.6801736613603473
agnews,lstm,9,0.1,456,temporalrnn,0.5548245614035088,12,253,456,1012,12,0.25,1.0,0.7136812411847673
agnews,lstm,9,0.2,912,temporalrnn,0.4978070175438596,12,454,912,1012,12,0.4486166007905138,1.0,0.6647144948755491
agnews,lstm,10,0.1,456,temporalrnn,0.5416666666666666,12,247,456,1050,12,0.2352380952380952,1.0,0.7027027027027027
agnews,lstm,10,0.2,912,temporalrnn,0.5010964912280702,12,457,912,1050,12,0.4352380952380952,1.0,0.6676406135865596
agnews,lstm,11,0.1,456,temporalrnn,0.5482456140350878,12,250,456,1018,12,0.2455795677799607,1.0,0.708215297450425
agnews,lstm,11,0.2,912,temporalrnn,0.5010964912280702,12,457,912,1018,12,0.4489194499017682,1.0,0.6676406135865596
agnews,lstm,12,0.1,456,temporalrnn,0.5570175438596491,12,254,456,1002,12,0.2534930139720558,1.0,0.7154929577464789
agnews,lstm,12,0.2,912,temporalrnn,0.5087719298245614,12,464,912,1002,12,0.4630738522954092,1.0,0.6744186046511628
agnews,lstm,13,0.1,456,temporalrnn,0.5723684210526315,12,261,456,1028,12,0.2538910505836576,1.0,0.7280334728033473
agnews,lstm,13,0.2,912,temporalrnn,0.5131578947368421,12,468,912,1028,12,0.4552529182879377,1.0,0.6782608695652175
agnews,lstm,14,0.1,456,temporalrnn,0.5877192982456141,12,268,456,1026,12,0.2612085769980506,1.0,0.7403314917127072
agnews,lstm,14,0.2,912,temporalrnn,0.5285087719298246,12,482,912,1026,12,0.4697855750487329,1.0,0.6915351506456242
agnews,lstm,15,0.1,456,temporalrnn,0.5570175438596491,12,254,456,1037,12,0.244937319189971,1.0,0.7154929577464789
agnews,lstm,15,0.2,912,temporalrnn,0.5010964912280702,12,457,912,1037,12,0.4406943105110897,1.0,0.6676406135865596
agnews,lstm,16,0.1,456,temporalrnn,0.5701754385964912,12,260,456,1030,12,0.2524271844660194,1.0,0.7262569832402235
agnews,lstm,16,0.2,912,temporalrnn,0.5153508771929824,12,470,912,1030,12,0.4563106796116505,1.0,0.6801736613603473
agnews,lstm,17,0.1,456,temporalrnn,0.5570175438596491,12,254,456,1022,12,0.24853228962818,1.0,0.7154929577464789
agnews,lstm,17,0.2,912,temporalrnn,0.5175438596491229,12,472,912,1022,12,0.461839530332681,1.0,0.6820809248554913
agnews,lstm,18,0.1,456,temporalrnn,0.5460526315789473,12,249,456,1015,12,0.2453201970443349,1.0,0.7063829787234043
agnews,lstm,18,0.2,912,temporalrnn,0.4868421052631579,12,444,912,1015,12,0.4374384236453202,1.0,0.6548672566371682
agnews,lstm,19,0.1,456,temporalrnn,0.5701754385964912,12,260,456,1067,12,0.2436738519212746,1.0,0.7262569832402235
agnews,lstm,19,0.2,912,temporalrnn,0.5131578947368421,12,468,912,1067,12,0.4386129334582943,1.0,0.6782608695652175
agnews,lstm,20,0.1,456,temporalrnn,0.5942982456140351,12,271,456,1052,12,0.2576045627376426,1.0,0.7455295735900963
agnews,lstm,20,0.2,912,temporalrnn,0.5164473684210527,12,471,912,1052,12,0.4477186311787072,1.0,0.6811279826464208
agnews,lstm,21,0.1,456,temporalrnn,0.5745614035087719,12,262,456,1022,12,0.2563600782778865,1.0,0.7298050139275767
agnews,lstm,21,0.2,912,temporalrnn,0.5164473684210527,12,471,912,1022,12,0.4608610567514677,1.0,0.6811279826464208
agnews,lstm,22,0.1,456,temporalrnn,0.5153508771929824,12,235,456,1020,12,0.230392156862745,1.0,0.6801736613603473
agnews,lstm,22,0.2,912,temporalrnn,0.4923245614035088,12,449,912,1020,12,0.4401960784313725,1.0,0.659808963997061
agnews,lstm,23,0.1,456,temporalrnn,0.5899122807017544,12,269,456,1021,12,0.2634671890303623,1.0,0.7420689655172414
agnews,lstm,23,0.2,912,temporalrnn,0.5252192982456141,12,479,912,1021,12,0.4691478942213516,1.0,0.6887131560028756
agnews,lstm,24,0.1,456,temporalrnn,0.6052631578947368,12,276,456,1100,12,0.2509090909090909,1.0,0.7540983606557378
agnews,lstm,24,0.2,912,temporalrnn,0.5427631578947368,12,495,912,1100,12,0.45,1.0,0.7036247334754798
agnews,lstm,25,0.1,456,temporalrnn,0.6293859649122807,12,287,456,1115,12,0.2573991031390134,1.0,0.7725437415881561
agnews,lstm,25,0.2,912,temporalrnn,0.5493421052631579,12,501,912,1115,12,0.4493273542600897,1.0,0.7091295116772823
agnews,lstm,26,0.1,456,temporalrnn,0.5504385964912281,12,251,456,970,12,0.2587628865979381,1.0,0.71004243281471
agnews,lstm,26,0.2,912,temporalrnn,0.481359649122807,12,439,912,970,12,0.4525773195876288,1.0,0.6498889711324946
agnews,lstm,27,0.1,456,temporalrnn,0.5614035087719298,12,256,456,1053,12,0.2431149097815764,1.0,0.7191011235955056
agnews,lstm,27,0.2,912,temporalrnn,0.5285087719298246,12,482,912,1053,12,0.4577397910731244,1.0,0.6915351506456242
agnews,lstm,28,0.1,456,temporalrnn,0.5394736842105263,12,246,456,1003,12,0.2452642073778664,1.0,0.7008547008547009
agnews,lstm,28,0.2,912,temporalrnn,0.5021929824561403,12,458,912,1003,12,0.456630109670987,1.0,0.6686131386861313
agnews,lstm,29,0.1,456,temporalrnn,0.5877192982456141,12,268,456,998,12,0.2685370741482966,1.0,0.7403314917127072
agnews,lstm,29,0.2,912,temporalrnn,0.5109649122807017,12,466,912,998,12,0.4669338677354709,1.0,0.6763425253991292
fashion,blstm,0,0.1,600,temporalrnn,0.7933333333333333,75,476,600,2374,82,0.2005054759898905,0.9146341463414634,0.8496763137852247
fashion,blstm,0,0.2,1200,temporalrnn,0.735,79,882,1200,2374,82,0.3715248525695029,0.9634146341463414,0.833847921303942
fashion,blstm,1,0.1,600,temporalrnn,0.7683333333333333,74,461,600,2348,84,0.1963373083475298,0.8809523809523809,0.8207978441845917
fashion,blstm,1,0.2,1200,temporalrnn,0.7058333333333333,80,847,1200,2348,84,0.360732538330494,0.9523809523809524,0.810778471773518
fashion,blstm,2,0.1,600,temporalrnn,0.75,67,450,600,2339,78,0.1923899102180419,0.8589743589743589,0.8007968127490038
fashion,blstm,2,0.2,1200,temporalrnn,0.7166666666666667,73,860,1200,2339,78,0.367678495083369,0.935897435897436,0.8117403672097234
fashion,blstm,3,0.1,600,temporalrnn,0.7683333333333333,75,461,600,2345,82,0.1965884861407249,0.9146341463414634,0.8351247554406898
fashion,blstm,3,0.2,1200,temporalrnn,0.7116666666666667,76,854,1200,2345,82,0.3641791044776119,0.926829268292683,0.8051206986379537
fashion,blstm,4,0.1,600,temporalrnn,0.77,73,462,600,2332,82,0.1981132075471698,0.8902439024390244,0.825767592184516
fashion,blstm,4,0.2,1200,temporalrnn,0.7258333333333333,79,871,1200,2332,82,0.3734991423670669,0.9634146341463414,0.8279168822418211
fashion,blstm,5,0.1,600,temporalrnn,0.7783333333333333,73,467,600,2338,80,0.199743370402053,0.9125,0.8400936421882701
fashion,blstm,5,0.2,1200,temporalrnn,0.7191666666666666,79,863,1200,2338,80,0.3691189050470487,0.9875,0.83223876953125
fashion,blstm,6,0.1,600,temporalrnn,0.7583333333333333,79,455,600,2337,82,0.1946940522036799,0.9634146341463414,0.8486601345767915
fashion,blstm,6,0.2,1200,temporalrnn,0.7225,81,867,1200,2337,82,0.3709884467265725,0.9878048780487804,0.8345752076722878
fashion,blstm,7,0.1,600,temporalrnn,0.7683333333333333,77,461,600,2354,82,0.1958368734069668,0.9390243902439024,0.8451465441299016
fashion,blstm,7,0.2,1200,temporalrnn,0.7175,80,861,1200,2354,82,0.3657604078164825,0.975609756097561,0.8268808297619475
fashion,blstm,8,0.1,600,temporalrnn,0.7816666666666666,74,469,600,2376,82,0.1973905723905724,0.902439024390244,0.8377223683892925
fashion,blstm,8,0.2,1200,temporalrnn,0.7283333333333334,79,874,1200,2376,82,0.3678451178451178,0.9634146341463414,0.8295408126486772
fashion,blstm,9,0.1,600,temporalrnn,0.7816666666666666,77,469,600,2336,83,0.2007705479452055,0.927710843373494,0.848449962996464
fashion,blstm,9,0.2,1200,temporalrnn,0.7158333333333333,80,859,1200,2336,83,0.367722602739726,0.963855421686747,0.8215329623364435
fashion,blstm,10,0.1,600,temporalrnn,0.765,78,459,600,2291,84,0.2003491924923614,0.9285714285714286,0.8388865457612823
fashion,blstm,10,0.2,1200,temporalrnn,0.715,84,858,1200,2291,84,0.3745089480576167,1.0,0.8338192419825073
fashion,blstm,11,0.1,600,temporalrnn,0.7633333333333333,76,458,600,2357,82,0.1943148069579974,0.926829268292683,0.8371735052191063
fashion,blstm,11,0.2,1200,temporalrnn,0.7258333333333333,80,871,1200,2357,82,0.3695375477301654,0.975609756097561,0.8323876193092903
fashion,blstm,12,0.1,600,temporalrnn,0.7616666666666667,73,457,600,2346,80,0.1947996589940324,0.9125,0.830288700846192
fashion,blstm,12,0.2,1200,temporalrnn,0.7283333333333334,77,874,1200,2346,80,0.3725490196078431,0.9625,0.829201577131592
fashion,blstm,13,0.1,600,temporalrnn,0.7633333333333333,73,458,600,2324,80,0.1970740103270223,0.9125,0.8312779711586276
fashion,blstm,13,0.2,1200,temporalrnn,0.7016666666666667,74,842,1200,2324,80,0.3623063683304647,0.925,0.7980020491803279
fashion,blstm,14,0.1,600,temporalrnn,0.7583333333333333,74,455,600,2323,80,0.1958674128282393,0.925,0.8334158415841584
fashion,blstm,14,0.2,1200,temporalrnn,0.7141666666666666,76,857,1200,2323,80,0.3689195006457167,0.95,0.815373059589384
fashion,blstm,15,0.1,600,temporalrnn,0.7983333333333333,73,479,600,2332,83,0.2054030874785591,0.8795180722891566,0.8369615950788085
fashion,blstm,15,0.2,1200,temporalrnn,0.7308333333333333,79,877,1200,2332,83,0.3760720411663807,0.9518072289156626,0.8268105089175434
fashion,blstm,16,0.1,600,temporalrnn,0.7633333333333333,75,458,600,2374,85,0.1929233361415332,0.8823529411764706,0.8185392589062314
fashion,blstm,16,0.2,1200,temporalrnn,0.7191666666666666,80,863,1200,2374,85,0.3635214827295703,0.9411764705882352,0.815328747305955
fashion,blstm,17,0.1,600,temporalrnn,0.775,75,465,600,2329,82,0.1996565049377415,0.9146341463414634,0.8390472753518585
fashion,blstm,17,0.2,1200,temporalrnn,0.7158333333333333,79,859,1200,2329,82,0.3688278231000429,0.9634146341463414,0.8213728077076701
fashion,blstm,18,0.1,600,temporalrnn,0.7666666666666667,74,460,600,2357,80,0.1951633432329232,0.925,0.838423645320197
fashion,blstm,18,0.2,1200,temporalrnn,0.7175,78,861,1200,2357,80,0.3652948663555367,0.975,0.8266617429837518
fashion,blstm,19,0.1,600,temporalrnn,0.7716666666666666,74,463,600,2338,80,0.1980325064157399,0.925,0.8414047151277012
fashion,blstm,19,0.2,1200,temporalrnn,0.6983333333333334,79,838,1200,2338,80,0.358426005132592,0.9875,0.818116658428077
fashion,blstm,20,0.1,600,temporalrnn,0.7483333333333333,76,449,600,2361,83,0.1901736552308344,0.9156626506024096,0.8235847804312934
fashion,blstm,20,0.2,1200,temporalrnn,0.7191666666666666,81,863,1200,2361,83,0.3655230834392207,0.9759036144578314,0.8280923301091637
fashion,blstm,21,0.1,600,temporalrnn,0.7816666666666666,74,469,600,2354,82,0.1992353440951571,0.902439024390244,0.8377223683892925
fashion,blstm,21,0.2,1200,temporalrnn,0.7316666666666667,80,878,1200,2354,82,0.372982158028887,0.975609756097561,0.8362103859615706
fashion,blstm,22,0.1,600,temporalrnn,0.7716666666666666,77,463,600,2323,85,0.1993112354713732,0.9058823529411764,0.8334054117234527
fashion,blstm,22,0.2,1200,temporalrnn,0.7191666666666666,84,863,1200,2323,85,0.3715023676280671,0.9882352941176472,0.8324997846745714
fashion,blstm,23,0.1,600,temporalrnn,0.76,74,456,600,2350,83,0.1940425531914893,0.891566265060241,0.8205427487598482
fashion,blstm,23,0.2,1200,temporalrnn,0.7041666666666667,79,845,1200,2350,83,0.3595744680851064,0.9518072289156626,0.8094703974292903
fashion,blstm,24,0.1,600,temporalrnn,0.7533333333333333,72,452,600,2345,83,0.1927505330490405,0.8674698795180723,0.8063828732841073
fashion,blstm,24,0.2,1200,temporalrnn,0.7133333333333334,80,856,1200,2345,83,0.3650319829424307,0.963855421686747,0.8198841051673771
fashion,blstm,25,0.1,600,temporalrnn,0.77,75,462,600,2341,83,0.1973515591627509,0.9036144578313252,0.8314736160103663
fashion,blstm,25,0.2,1200,temporalrnn,0.7325,79,879,1200,2341,83,0.3754805638615976,0.9518072289156626,0.8278760349791663
fashion,blstm,26,0.1,600,temporalrnn,0.7666666666666667,75,460,600,2326,82,0.1977644024075666,0.9146341463414634,0.8341392649903289
fashion,blstm,26,0.2,1200,temporalrnn,0.72,80,864,1200,2326,82,0.3714531384350817,0.975609756097561,0.8285385500575374
fashion,blstm,27,0.1,600,temporalrnn,0.7666666666666667,74,460,600,2296,83,0.2003484320557491,0.891566265060241,0.8244126907241464
fashion,blstm,27,0.2,1200,temporalrnn,0.7133333333333334,77,856,1200,2296,83,0.3728222996515679,0.927710843373494,0.8065195046742695
fashion,blstm,28,0.1,600,temporalrnn,0.7983333333333333,76,479,600,2360,84,0.2029661016949152,0.9047619047619048,0.8482221911552263
fashion,blstm,28,0.2,1200,temporalrnn,0.73,80,876,1200,2360,84,0.3711864406779661,0.9523809523809524,0.8264930653835267
fashion,blstm,29,0.1,600,temporalrnn,0.7766666666666666,76,466,600,2349,80,0.1983822903363133,0.95,0.8546332046332046
fashion,blstm,29,0.2,1200,temporalrnn,0.7225,78,867,1200,2349,80,0.3690932311621966,0.975,0.8299705449189986
fashion,gru,0,0.1,600,temporalrnn,0.8033333333333333,79,482,600,2319,84,0.2078482104355325,0.9404761904761904,0.8665119242672491
fashion,gru,0,0.2,1200,temporalrnn,0.7325,81,879,1200,2319,84,0.3790426908150064,0.9642857142857144,0.8325615659861082
fashion,gru,1,0.1,600,temporalrnn,0.7133333333333334,80,428,600,2241,85,0.1909861668897813,0.9411764705882352,0.8115667219720313
fashion,gru,1,0.2,1200,temporalrnn,0.6675,82,801,1200,2241,85,0.357429718875502,0.9647058823529412,0.7890440580232453
fashion,gru,2,0.1,600,temporalrnn,0.7466666666666667,75,448,600,2257,81,0.1984935755427558,0.925925925925926,0.826690286389135
fashion,gru,2,0.2,1200,temporalrnn,0.6966666666666667,80,836,1200,2257,81,0.3704031900753212,0.9876543209876544,0.8170246035818123
fashion,gru,3,0.1,600,temporalrnn,0.7533333333333333,79,452,600,2292,86,0.1972076788830715,0.9186046511627908,0.8278004451038574
fashion,gru,3,0.2,1200,temporalrnn,0.7041666666666667,82,845,1200,2292,86,0.3686736474694589,0.9534883720930232,0.8100777459519495
fashion,gru,4,0.1,600,temporalrnn,0.75,74,450,600,2278,83,0.1975417032484635,0.891566265060241,0.8146788990825689
fashion,gru,4,0.2,1200,temporalrnn,0.6958333333333333,79,835,1200,2278,83,0.3665496049165935,0.9518072289156626,0.8039365040675178
fashion,gru,5,0.1,600,temporalrnn,0.75,76,450,600,2280,83,0.1973684210526315,0.9156626506024096,0.8245931283905968
fashion,gru,5,0.2,1200,temporalrnn,0.6841666666666667,81,821,1200,2280,83,0.3600877192982456,0.9759036144578314,0.8044005491614402
fashion,gru,6,0.1,600,temporalrnn,0.775,80,465,600,2283,85,0.2036793692509855,0.9411764705882352,0.8500428449014567
fashion,gru,6,0.2,1200,temporalrnn,0.7216666666666667,84,866,1200,2283,85,0.3793254489706526,0.9882352941176472,0.8341723525027235
fashion,gru,7,0.1,600,temporalrnn,0.7666666666666667,75,460,600,2323,82,0.198019801980198,0.9146341463414634,0.8341392649903289
fashion,gru,7,0.2,1200,temporalrnn,0.705,77,846,1200,2323,82,0.3641842445114077,0.9390243902439024,0.8053556857799866
fashion,gru,8,0.1,600,temporalrnn,0.7433333333333333,77,446,600,2329,85,0.1914984972091026,0.9058823529411764,0.8165973130424444
fashion,gru,8,0.2,1200,temporalrnn,0.7208333333333333,81,865,1200,2329,85,0.3714040360669815,0.9529411764705882,0.8207936740371943
fashion,gru,9,0.1,600,temporalrnn,0.735,73,441,600,2280,81,0.1934210526315789,0.9012345679012346,0.8096729165880712
fashion,gru,9,0.2,1200,temporalrnn,0.6991666666666667,78,839,1200,2280,81,0.3679824561403508,0.9629629629629628,0.8101312833082652
fashion,gru,10,0.1,600,temporalrnn,0.735,78,441,600,2213,82,0.1992769995481247,0.951219512195122,0.829247125189846
fashion,gru,10,0.2,1200,temporalrnn,0.6841666666666667,79,821,1200,2213,82,0.3709896068685043,0.9634146341463414,0.8001258311641851
fashion,gru,11,0.1,600,temporalrnn,0.755,79,453,600,2279,83,0.1987713909609477,0.9518072289156626,0.8420569653760632
fashion,gru,11,0.2,1200,temporalrnn,0.6966666666666667,81,836,1200,2279,83,0.3668275559455902,0.9759036144578314,0.8129757245419839
fashion,gru,12,0.1,600,temporalrnn,0.755,74,453,600,2342,83,0.1934244235695986,0.891566265060241,0.8176197270698423
fashion,gru,12,0.2,1200,temporalrnn,0.7175,82,861,1200,2342,83,0.3676345004269855,0.9879518072289156,0.8312816799420709
fashion,gru,13,0.1,600,temporalrnn,0.7466666666666667,78,448,600,2272,80,0.1971830985915492,0.975,0.8456921587608905
fashion,gru,13,0.2,1200,temporalrnn,0.69,78,828,1200,2272,80,0.3644366197183099,0.975,0.8081081081081081
fashion,gru,14,0.1,600,temporalrnn,0.765,79,459,600,2290,82,0.2004366812227074,0.9634146341463414,0.8528187398574754
fashion,gru,14,0.2,1200,temporalrnn,0.7175,79,861,1200,2290,82,0.3759825327510917,0.9634146341463414,0.8224688939674248
fashion,gru,15,0.1,600,temporalrnn,0.7416666666666667,72,445,600,2297,80,0.1937309534175011,0.9,0.8131979695431474
fashion,gru,15,0.2,1200,temporalrnn,0.7083333333333334,79,850,1200,2297,80,0.370047888550283,0.9875,0.824938574938575
fashion,gru,16,0.1,600,temporalrnn,0.7516666666666667,80,451,600,2298,84,0.1962576153176675,0.9523809523809524,0.8402030645987612
fashion,gru,16,0.2,1200,temporalrnn,0.7133333333333334,83,856,1200,2298,84,0.3724978241949521,0.988095238095238,0.8285287806698387
fashion,gru,17,0.1,600,temporalrnn,0.7683333333333333,75,461,600,2266,82,0.203442188879082,0.9146341463414634,0.8351247554406898
fashion,gru,17,0.2,1200,temporalrnn,0.7,80,840,1200,2266,82,0.3706972639011474,0.975609756097561,0.8151382823871907
fashion,gru,18,0.1,600,temporalrnn,0.7516666666666667,76,451,600,2317,83,0.1946482520500647,0.9156626506024096,0.8255994604554815
fashion,gru,18,0.2,1200,temporalrnn,0.7166666666666667,82,860,1200,2317,83,0.3711696158826068,0.9879518072289156,0.8307221109671339
fashion,gru,19,0.1,600,temporalrnn,0.77,77,462,600,2295,79,0.2013071895424836,0.9746835443037974,0.8603351955307262
fashion,gru,19,0.2,1200,temporalrnn,0.7208333333333333,77,865,1200,2295,79,0.3769063180827887,0.9746835443037974,0.8287554048589292
fashion,gru,20,0.1,600,temporalrnn,0.74,76,444,600,2305,84,0.1926247288503254,0.9047619047619048,0.814128546612623
fashion,gru,20,0.2,1200,temporalrnn,0.7008333333333333,84,841,1200,2305,84,0.3648590021691974,1.0,0.8241058304752573
fashion,gru,21,0.1,600,temporalrnn,0.745,77,447,600,2273,84,0.1966564012318521,0.9166666666666666,0.8219658976930792
fashion,gru,21,0.2,1200,temporalrnn,0.6966666666666667,82,836,1200,2273,84,0.3677958644962604,0.9761904761904762,0.8130752443305816
fashion,gru,22,0.1,600,temporalrnn,0.75,76,450,600,2280,84,0.1973684210526315,0.9047619047619048,0.8201438848920864
fashion,gru,22,0.2,1200,temporalrnn,0.7116666666666667,80,854,1200,2280,84,0.3745614035087719,0.9523809523809524,0.8146134401678828
fashion,gru,23,0.1,600,temporalrnn,0.7366666666666667,79,442,600,2257,84,0.1958351794417368,0.9404761904761904,0.8261877720991861
fashion,gru,23,0.2,1200,temporalrnn,0.7,81,840,1200,2257,84,0.3721754541426673,0.9642857142857144,0.8111587982832618
fashion,gru,24,0.1,600,temporalrnn,0.7366666666666667,76,442,600,2275,82,0.1942857142857142,0.926829268292683,0.820878744929378
fashion,gru,24,0.2,1200,temporalrnn,0.6958333333333333,78,835,1200,2275,82,0.367032967032967,0.951219512195122,0.8037267847226507
fashion,gru,25,0.1,600,temporalrnn,0.7683333333333333,75,461,600,2286,82,0.2016622922134733,0.9146341463414634,0.8351247554406898
fashion,gru,25,0.2,1200,temporalrnn,0.7258333333333333,79,871,1200,2286,82,0.3810148731408574,0.9634146341463414,0.8279168822418211
fashion,gru,26,0.1,600,temporalrnn,0.7466666666666667,76,448,600,2272,85,0.1971830985915492,0.8941176470588236,0.8137667304015297
fashion,gru,26,0.2,1200,temporalrnn,0.7033333333333334,80,844,1200,2272,85,0.3714788732394366,0.9411764705882352,0.8050554429474186
fashion,gru,27,0.1,600,temporalrnn,0.75,76,450,600,2237,81,0.2011622708985248,0.9382716049382716,0.8336380255941499
fashion,gru,27,0.2,1200,temporalrnn,0.7091666666666666,77,851,1200,2237,81,0.3804202056325436,0.9506172839506172,0.8123299303915552
fashion,gru,28,0.1,600,temporalrnn,0.7166666666666667,75,430,600,2294,81,0.1874455100261552,0.925925925925926,0.8079669297256671
fashion,gru,28,0.2,1200,temporalrnn,0.6991666666666667,77,839,1200,2294,81,0.3657367044463818,0.9506172839506172,0.8057296441110259
fashion,gru,29,0.1,600,temporalrnn,0.7516666666666667,77,451,600,2305,85,0.1956616052060737,0.9058823529411764,0.8216005204944697
fashion,gru,29,0.2,1200,temporalrnn,0.7008333333333333,82,841,1200,2305,85,0.3648590021691974,0.9647058823529412,0.8118668511051593
fashion,lstm,0,0.1,600,temporalrnn,0.7916666666666666,70,475,600,2326,82,0.204213241616509,0.8536585365853658,0.8214947498455837
fashion,lstm,0,0.2,1200,temporalrnn,0.7591666666666667,79,911,1200,2326,82,0.3916595012897678,0.9634146341463414,0.8491817205696687
fashion,lstm,1,0.1,600,temporalrnn,0.7616666666666667,81,457,600,2271,84,0.2012329370321444,0.9642857142857144,0.8510829079873086
fashion,lstm,1,0.2,1200,temporalrnn,0.72,84,864,1200,2271,84,0.380449141347424,1.0,0.8372093023255813
fashion,lstm,2,0.1,600,temporalrnn,0.7483333333333333,74,449,600,2250,81,0.1995555555555555,0.9135802469135802,0.8227413983087571
fashion,lstm,2,0.2,1200,temporalrnn,0.7358333333333333,79,883,1200,2250,81,0.3924444444444444,0.9753086419753086,0.8388136337127157
fashion,lstm,3,0.1,600,temporalrnn,0.7566666666666667,75,454,600,2272,84,0.1998239436619718,0.8928571428571429,0.8191397228637414
fashion,lstm,3,0.2,1200,temporalrnn,0.725,82,870,1200,2272,84,0.3829225352112676,0.9761904761904762,0.8320503848845345
fashion,lstm,4,0.1,600,temporalrnn,0.7783333333333333,77,467,600,2292,83,0.2037521815008726,0.927710843373494,0.8464825037370087
fashion,lstm,4,0.2,1200,temporalrnn,0.7283333333333334,82,874,1200,2292,83,0.381326352530541,0.9879518072289156,0.8385066279790806
fashion,lstm,5,0.1,600,temporalrnn,0.7716666666666666,76,463,600,2314,82,0.200086430423509,0.926829268292683,0.8421606873608884
fashion,lstm,5,0.2,1200,temporalrnn,0.7308333333333333,81,877,1200,2314,82,0.3789974070872947,0.9878048780487804,0.8401078562389866
fashion,lstm,6,0.1,600,temporalrnn,0.7666666666666667,75,460,600,2288,83,0.201048951048951,0.9036144578313252,0.8295263284443376
fashion,lstm,6,0.2,1200,temporalrnn,0.7375,79,885,1200,2288,83,0.3868006993006993,0.9518072289156626,0.8310599982169921
fashion,lstm,7,0.1,600,temporalrnn,0.78,78,468,600,2319,83,0.2018111254851229,0.9397590361445785,0.8524590163934427
fashion,lstm,7,0.2,1200,temporalrnn,0.7291666666666666,79,875,1200,2319,83,0.3773178094006037,0.9518072289156626,0.8257428699417649
fashion,lstm,8,0.1,600,temporalrnn,0.8033333333333333,75,482,600,2342,79,0.2058070025619129,0.9493670886075948,0.8702664965454151
fashion,lstm,8,0.2,1200,temporalrnn,0.7483333333333333,79,898,1200,2342,79,0.3834329632792485,1.0,0.8560533841754051
fashion,lstm,9,0.1,600,temporalrnn,0.775,76,465,600,2294,82,0.2027027027027027,0.926829268292683,0.8441418846291653
fashion,lstm,9,0.2,1200,temporalrnn,0.7466666666666667,81,896,1200,2294,82,0.3905841325196164,0.9878048780487804,0.8504734227055405
fashion,lstm,10,0.1,600,temporalrnn,0.7866666666666666,77,472,600,2260,81,0.2088495575221239,0.9506172839506172,0.8609058176994504
fashion,lstm,10,0.2,1200,temporalrnn,0.7308333333333333,81,877,1200,2260,81,0.3880530973451327,1.0,0.8444872412132883
fashion,lstm,11,0.1,600,temporalrnn,0.74,77,444,600,2282,84,0.1945661700262927,0.9166666666666666,0.8189134808853119
fashion,lstm,11,0.2,1200,temporalrnn,0.7108333333333333,81,853,1200,2282,84,0.373794916739702,0.9642857142857144,0.8183853315329401
fashion,lstm,12,0.1,600,temporalrnn,0.755,75,453,600,2324,79,0.1949225473321859,0.9493670886075948,0.8411006721378439
fashion,lstm,12,0.2,1200,temporalrnn,0.7308333333333333,78,877,1200,2324,79,0.3773666092943201,0.9873417721518988,0.8399403252641466
fashion,lstm,13,0.1,600,temporalrnn,0.78,79,468,600,2314,83,0.2022471910112359,0.9518072289156626,0.857381383052734
fashion,lstm,13,0.2,1200,temporalrnn,0.7333333333333333,81,880,1200,2314,83,0.3802938634399309,0.9759036144578314,0.837406015037594
fashion,lstm,14,0.1,600,temporalrnn,0.7816666666666666,79,469,600,2286,83,0.205161854768154,0.9518072289156626,0.8583872948208555
fashion,lstm,14,0.2,1200,temporalrnn,0.7375,81,885,1200,2286,83,0.3871391076115485,0.9759036144578314,0.8401160235562979
fashion,lstm,15,0.1,600,temporalrnn,0.77,75,462,600,2318,82,0.1993097497842968,0.9146341463414634,0.8361082959316637
fashion,lstm,15,0.2,1200,temporalrnn,0.7325,82,879,1200,2318,82,0.3792062122519413,1.0,0.8455988455988457
fashion,lstm,16,0.1,600,temporalrnn,0.7716666666666666,76,463,600,2354,82,0.1966864910790144,0.926829268292683,0.8421606873608884
fashion,lstm,16,0.2,1200,temporalrnn,0.7458333333333333,80,895,1200,2354,82,0.3802039082412914,0.975609756097561,0.8453863864454809
fashion,lstm,17,0.1,600,temporalrnn,0.8,80,480,600,2285,84,0.2100656455142232,0.9523809523809524,0.8695652173913043
fashion,lstm,17,0.2,1200,temporalrnn,0.7366666666666667,83,884,1200,2285,84,0.386870897155361,0.988095238095238,0.8440548499907969
fashion,lstm,18,0.1,600,temporalrnn,0.765,77,459,600,2308,85,0.1988734835355285,0.9058823529411764,0.8295018482661504
fashion,lstm,18,0.2,1200,temporalrnn,0.7408333333333333,82,889,1200,2308,85,0.3851819757365685,0.9647058823529412,0.8380766246083983
fashion,lstm,19,0.1,600,temporalrnn,0.8066666666666666,78,484,600,2306,84,0.209887250650477,0.9285714285714286,0.8633369923161361
fashion,lstm,19,0.2,1200,temporalrnn,0.755,81,906,1200,2306,84,0.3928881179531656,0.9642857142857144,0.8469048608226009
fashion,lstm,20,0.1,600,temporalrnn,0.775,79,465,600,2308,85,0.2014731369150779,0.9294117647058824,0.8452113891285591
fashion,lstm,20,0.2,1200,temporalrnn,0.7333333333333333,84,880,1200,2308,85,0.3812824956672443,0.9882352941176472,0.8419134396355353
fashion,lstm,21,0.1,600,temporalrnn,0.795,78,477,600,2282,84,0.2090271691498685,0.9285714285714286,0.8566100290095318
fashion,lstm,21,0.2,1200,temporalrnn,0.7383333333333333,82,886,1200,2282,84,0.3882559158632778,0.9761904761904762,0.8407628570106003
fashion,lstm,22,0.1,600,temporalrnn,0.7766666666666666,79,466,600,2325,84,0.2004301075268817,0.9404761904761904,0.8507579959327046
fashion,lstm,22,0.2,1200,temporalrnn,0.7408333333333333,81,889,1200,2325,84,0.3823655913978495,0.9642857142857144,0.8379180339314389
fashion,lstm,23,0.1,600,temporalrnn,0.7583333333333333,76,455,600,2305,83,0.1973969631236442,0.9156626506024096,0.829604750194926
fashion,lstm,23,0.2,1200,temporalrnn,0.7383333333333333,80,886,1200,2305,83,0.3843817787418655,0.963855421686747,0.8361547263740282
fashion,lstm,24,0.1,600,temporalrnn,0.7566666666666667,78,454,600,2273,85,0.1997360316761988,0.9176470588235294,0.829417964632861
fashion,lstm,24,0.2,1200,temporalrnn,0.7216666666666667,85,866,1200,2273,85,0.3809942806863176,1.0,0.8383349467570184
fashion,lstm,25,0.1,600,temporalrnn,0.785,78,471,600,2276,85,0.2069420035149385,0.9176470588235294,0.8461565037139402
fashion,lstm,25,0.2,1200,temporalrnn,0.7475,84,897,1200,2276,85,0.3941124780316344,0.9882352941176472,0.8511734304837753
fashion,lstm,26,0.1,600,temporalrnn,0.7316666666666667,76,439,600,2274,83,0.193051890941073,0.9156626506024096,0.8133890805368309
fashion,lstm,26,0.2,1200,temporalrnn,0.7058333333333333,82,847,1200,2274,83,0.372471416007036,0.9879518072289156,0.823397608787144
fashion,lstm,27,0.1,600,temporalrnn,0.7616666666666667,76,457,600,2246,81,0.2034728406055209,0.9382716049382716,0.8407954779282715
fashion,lstm,27,0.2,1200,temporalrnn,0.7241666666666666,80,869,1200,2246,81,0.3869100623330365,0.9876543209876544,0.8356321631838642
fashion,lstm,28,0.1,600,temporalrnn,0.7666666666666667,77,460,600,2306,82,0.199479618386817,0.9390243902439024,0.8441372735938991
fashion,lstm,28,0.2,1200,temporalrnn,0.7433333333333333,80,892,1200,2306,82,0.3868169991326973,0.975609756097561,0.8437780825805231
fashion,lstm,29,0.1,600,temporalrnn,0.7933333333333333,73,476,600,2308,84,0.2062391681109185,0.8690476190476191,0.8294662465387185
fashion,lstm,29,0.2,1200,temporalrnn,0.745,80,894,1200,2308,84,0.3873483535528596,0.9523809523809524,0.8360218824519567
mnist,blstm,0,0.1,600,temporalrnn,0.805,87,483,600,2164,89,0.2231977818853974,0.9775280898876404,0.8829146837278199
mnist,blstm,0,0.2,1200,temporalrnn,0.7558333333333334,88,907,1200,2164,89,0.4191312384473197,0.9887640449438202,0.8567487642427397
mnist,blstm,1,0.1,600,temporalrnn,0.8266666666666667,87,496,600,2170,89,0.2285714285714285,0.9775280898876404,0.8957900855268621
mnist,blstm,1,0.2,1200,temporalrnn,0.78,88,936,1200,2170,89,0.4313364055299539,0.9887640449438202,0.8720619997459027
mnist,blstm,2,0.1,600,temporalrnn,0.825,87,495,600,2122,90,0.2332704995287464,0.9666666666666668,0.890232558139535
mnist,blstm,2,0.2,1200,temporalrnn,0.7583333333333333,90,910,1200,2122,90,0.4288407163053723,1.0,0.8625592417061612
mnist,blstm,3,0.1,600,temporalrnn,0.805,86,483,600,2122,89,0.2276154571159283,0.9662921348314608,0.8783025151447874
mnist,blstm,3,0.2,1200,temporalrnn,0.765,89,918,1200,2122,89,0.4326107445805843,1.0,0.8668555240793201
mnist,blstm,4,0.1,600,temporalrnn,0.78,87,468,600,2152,89,0.2174721189591078,0.9775280898876404,0.8676639815880322
mnist,blstm,4,0.2,1200,temporalrnn,0.765,89,918,1200,2152,89,0.4265799256505576,1.0,0.8668555240793201
mnist,blstm,5,0.1,600,temporalrnn,0.8066666666666666,86,484,600,2142,90,0.2259570494864612,0.9555555555555556,0.8748213535098781
mnist,blstm,5,0.2,1200,temporalrnn,0.7708333333333334,90,925,1200,2142,90,0.4318394024276377,1.0,0.8705882352941177
mnist,blstm,6,0.1,600,temporalrnn,0.7883333333333333,89,473,600,2143,90,0.2207186187587494,0.9888888888888888,0.8772949880170887
mnist,blstm,6,0.2,1200,temporalrnn,0.7633333333333333,90,916,1200,2143,90,0.427438170788614,1.0,0.8657844990548205
mnist,blstm,7,0.1,600,temporalrnn,0.81,87,486,600,2142,89,0.226890756302521,0.9775280898876404,0.8859136337921931
mnist,blstm,7,0.2,1200,temporalrnn,0.7716666666666666,88,926,1200,2142,89,0.4323062558356676,0.9887640449438202,0.8668290659206228
mnist,blstm,8,0.1,600,temporalrnn,0.8266666666666667,88,496,600,2196,90,0.2258652094717668,0.9777777777777776,0.8958949096880131
mnist,blstm,8,0.2,1200,temporalrnn,0.8025,90,963,1200,2196,90,0.4385245901639344,1.0,0.8904299583911235
mnist,blstm,9,0.1,600,temporalrnn,0.795,89,477,600,2127,90,0.2242595204513399,0.9888888888888888,0.8814076611647463
mnist,blstm,9,0.2,1200,temporalrnn,0.7475,90,897,1200,2127,90,0.4217207334273625,1.0,0.8555078683834049
mnist,blstm,10,0.1,600,temporalrnn,0.8016666666666666,85,481,600,2115,88,0.2274231678486997,0.9659090909090908,0.8761572089833705
mnist,blstm,10,0.2,1200,temporalrnn,0.7541666666666667,88,905,1200,2115,88,0.4278959810874704,1.0,0.8598574821852731
mnist,blstm,11,0.1,600,temporalrnn,0.8083333333333333,87,485,600,2135,90,0.2271662763466042,0.9666666666666668,0.8804381846635368
mnist,blstm,11,0.2,1200,temporalrnn,0.77,89,924,1200,2135,90,0.4327868852459016,0.9888888888888888,0.8658243840808592
mnist,blstm,12,0.1,600,temporalrnn,0.8266666666666667,88,496,600,2142,90,0.2315592903828198,0.9777777777777776,0.8958949096880131
mnist,blstm,12,0.2,1200,temporalrnn,0.77,90,924,1200,2142,90,0.4313725490196078,1.0,0.8700564971751412
mnist,blstm,13,0.1,600,temporalrnn,0.7983333333333333,87,479,600,2148,89,0.222998137802607,0.9775280898876404,0.8788898145121321
mnist,blstm,13,0.2,1200,temporalrnn,0.7658333333333334,89,919,1200,2148,89,0.4278398510242086,1.0,0.8673902784332232
mnist,blstm,14,0.1,600,temporalrnn,0.8116666666666666,87,487,600,2136,88,0.2279962546816479,0.9886363636363636,0.8914534590136342
mnist,blstm,14,0.2,1200,temporalrnn,0.7641666666666667,88,917,1200,2136,88,0.4293071161048689,1.0,0.8663202645252716
mnist,blstm,15,0.1,600,temporalrnn,0.8116666666666666,87,487,600,2174,89,0.2240110395584176,0.9775280898876404,0.8869095590467119
mnist,blstm,15,0.2,1200,temporalrnn,0.7816666666666666,89,938,1200,2174,89,0.4314627414903403,1.0,0.8774555659494854
mnist,blstm,16,0.1,600,temporalrnn,0.8316666666666667,87,499,600,2176,90,0.2293198529411764,0.9666666666666668,0.8940994748223664
mnist,blstm,16,0.2,1200,temporalrnn,0.7808333333333334,90,937,1200,2176,90,0.4306066176470588,1.0,0.8769302760879739
mnist,blstm,17,0.1,600,temporalrnn,0.795,88,477,600,2122,89,0.2247879359095193,0.9887640449438202,0.8813580674624422
mnist,blstm,17,0.2,1200,temporalrnn,0.77,89,924,1200,2122,89,0.4354382657869934,1.0,0.8700564971751412
mnist,blstm,18,0.1,600,temporalrnn,0.8116666666666666,87,487,600,2153,88,0.2261960055736182,0.9886363636363636,0.8914534590136342
mnist,blstm,18,0.2,1200,temporalrnn,0.7691666666666667,88,923,1200,2153,88,0.4287041337668369,1.0,0.8695242581252944
mnist,blstm,19,0.1,600,temporalrnn,0.83,87,498,600,2217,90,0.2246278755074424,0.9666666666666668,0.8931354359925788
mnist,blstm,19,0.2,1200,temporalrnn,0.7858333333333334,90,943,1200,2217,90,0.4253495714930085,1.0,0.8800746616892208
mnist,blstm,20,0.1,600,temporalrnn,0.8283333333333334,88,497,600,2138,90,0.2324602432179607,0.9777777777777776,0.8968727571003794
mnist,blstm,20,0.2,1200,temporalrnn,0.7766666666666666,90,932,1200,2138,90,0.4359214218896164,1.0,0.874296435272045
mnist,blstm,21,0.1,600,temporalrnn,0.8116666666666666,88,487,600,2179,89,0.2234970169802661,0.9887640449438202,0.8915053618048115
mnist,blstm,21,0.2,1200,temporalrnn,0.7675,89,921,1200,2179,89,0.4226709499770537,1.0,0.8684582743988684
mnist,blstm,22,0.1,600,temporalrnn,0.7983333333333333,87,479,600,2172,90,0.2205340699815837,0.9666666666666668,0.8744727730563424
mnist,blstm,22,0.2,1200,temporalrnn,0.77,90,924,1200,2172,90,0.425414364640884,1.0,0.8700564971751412
mnist,blstm,23,0.1,600,temporalrnn,0.8233333333333334,87,494,600,2151,90,0.2296606229660623,0.9666666666666668,0.8892613283674736
mnist,blstm,23,0.2,1200,temporalrnn,0.7791666666666667,89,935,1200,2151,90,0.4346815434681543,0.9888888888888888,0.8715894213144801
mnist,blstm,24,0.1,600,temporalrnn,0.8383333333333334,88,503,600,2187,90,0.2299954275262917,0.9777777777777776,0.9027021515244212
mnist,blstm,24,0.2,1200,temporalrnn,0.7883333333333333,90,946,1200,2187,90,0.4325560128029264,1.0,0.8816402609506058
mnist,blstm,25,0.1,600,temporalrnn,0.79,86,474,600,2142,88,0.2212885154061624,0.9772727272727272,0.8737139917695473
mnist,blstm,25,0.2,1200,temporalrnn,0.7591666666666667,88,911,1200,2142,88,0.4253034547152194,1.0,0.8630980577925154
mnist,blstm,26,0.1,600,temporalrnn,0.8133333333333334,87,488,600,2154,88,0.2265552460538533,0.9886363636363636,0.8924577482552762
mnist,blstm,26,0.2,1200,temporalrnn,0.7708333333333334,88,925,1200,2154,88,0.4294336118848653,1.0,0.8705882352941177
mnist,blstm,27,0.1,600,temporalrnn,0.8216666666666667,88,493,600,2181,89,0.2260430994956442,0.9887640449438202,0.8975040599108371
mnist,blstm,27,0.2,1200,temporalrnn,0.7916666666666666,89,950,1200,2181,89,0.4355800091701055,1.0,0.8837209302325582
mnist,blstm,28,0.1,600,temporalrnn,0.795,88,477,600,2143,89,0.2225851609892674,0.9887640449438202,0.8813580674624422
mnist,blstm,28,0.2,1200,temporalrnn,0.7616666666666667,89,914,1200,2143,89,0.4265048996733551,1.0,0.8647114474929045
mnist,blstm,29,0.1,600,temporalrnn,0.8166666666666667,87,490,600,2162,89,0.2266419981498612,0.9775280898876404,0.8898862331698152
mnist,blstm,29,0.2,1200,temporalrnn,0.7766666666666666,88,932,1200,2162,89,0.4310823311748381,0.9887640449438202,0.8699747544391878
mnist,gru,0,0.1,600,temporalrnn,0.84,86,504,600,2149,90,0.2345276872964169,0.9555555555555556,0.8940594059405941
mnist,gru,0,0.2,1200,temporalrnn,0.785,90,942,1200,2149,90,0.4383434155421126,1.0,0.8795518207282913
mnist,gru,1,0.1,600,temporalrnn,0.8116666666666666,87,487,600,2130,89,0.2286384976525821,0.9775280898876404,0.8869095590467119
mnist,gru,1,0.2,1200,temporalrnn,0.7591666666666667,89,911,1200,2130,89,0.4276995305164319,1.0,0.8630980577925154
mnist,gru,2,0.1,600,temporalrnn,0.8283333333333334,87,497,600,2114,90,0.2350993377483443,0.9666666666666668,0.8921696069328382
mnist,gru,2,0.2,1200,temporalrnn,0.7675,90,921,1200,2114,90,0.4356669820245979,1.0,0.8684582743988684
mnist,gru,3,0.1,600,temporalrnn,0.81,89,486,600,2101,90,0.2313184198000951,0.9888888888888888,0.8905497220506485
mnist,gru,3,0.2,1200,temporalrnn,0.7608333333333334,90,913,1200,2101,90,0.4345549738219895,1.0,0.8641741599621392
mnist,gru,4,0.1,600,temporalrnn,0.7966666666666666,90,478,600,2144,90,0.2229477611940298,1.0,0.8868274582560297
mnist,gru,4,0.2,1200,temporalrnn,0.7591666666666667,90,911,1200,2144,90,0.4249067164179104,1.0,0.8630980577925154
mnist,gru,5,0.1,600,temporalrnn,0.8,90,480,600,2098,90,0.2287893231649189,1.0,0.888888888888889
mnist,gru,5,0.2,1200,temporalrnn,0.7625,90,915,1200,2098,90,0.4361296472831268,1.0,0.8652482269503545
mnist,gru,6,0.1,600,temporalrnn,0.8016666666666666,86,481,600,2125,89,0.2263529411764706,0.9662921348314608,0.8763147581268735
mnist,gru,6,0.2,1200,temporalrnn,0.7608333333333334,88,913,1200,2125,89,0.4296470588235294,0.9887640449438202,0.8599517277918408
mnist,gru,7,0.1,600,temporalrnn,0.8,89,480,600,2128,90,0.225563909774436,0.9888888888888888,0.884472049689441
mnist,gru,7,0.2,1200,temporalrnn,0.7566666666666667,90,908,1200,2128,90,0.4266917293233083,1.0,0.8614800759013282
mnist,gru,8,0.1,600,temporalrnn,0.83,90,498,600,2169,90,0.2295988934993084,1.0,0.907103825136612
mnist,gru,8,0.2,1200,temporalrnn,0.7891666666666667,90,947,1200,2169,90,0.4366067312125403,1.0,0.8821611551001398
mnist,gru,9,0.1,600,temporalrnn,0.81,89,486,600,2106,90,0.2307692307692307,0.9888888888888888,0.8905497220506485
mnist,gru,9,0.2,1200,temporalrnn,0.7525,89,903,1200,2106,90,0.4287749287749288,0.9888888888888888,0.8546498644121869
mnist,gru,10,0.1,600,temporalrnn,0.8033333333333333,89,482,600,2089,90,0.2307324078506462,0.9888888888888888,0.8865054763380864
mnist,gru,10,0.2,1200,temporalrnn,0.7533333333333333,90,904,1200,2089,90,0.4327429392053614,1.0,0.8593155893536121
mnist,gru,11,0.1,600,temporalrnn,0.8033333333333333,88,482,600,2054,89,0.234664070107108,0.9887640449438202,0.8864553073209471
mnist,gru,11,0.2,1200,temporalrnn,0.7533333333333333,89,904,1200,2054,89,0.4401168451801363,1.0,0.8593155893536121
mnist,gru,12,0.1,600,temporalrnn,0.7966666666666666,87,478,600,2139,89,0.2234689107059373,0.9775280898876404,0.8778788710392433
mnist,gru,12,0.2,1200,temporalrnn,0.7683333333333333,89,922,1200,2139,89,0.4310425432445068,1.0,0.8689915174363808
mnist,gru,13,0.1,600,temporalrnn,0.7916666666666666,86,475,600,2150,90,0.2209302325581395,0.9555555555555556,0.8659247482776895
mnist,gru,13,0.2,1200,temporalrnn,0.7758333333333334,88,931,1200,2150,90,0.4330232558139535,0.9777777777777776,0.8651776756956544
mnist,gru,14,0.1,600,temporalrnn,0.8183333333333334,87,491,600,2106,90,0.2331433998100665,0.9666666666666668,0.8863367569249923
mnist,gru,14,0.2,1200,temporalrnn,0.77,90,924,1200,2106,90,0.4387464387464387,1.0,0.8700564971751412
mnist,gru,15,0.1,600,temporalrnn,0.7916666666666666,89,475,600,2112,90,0.224905303030303,0.9888888888888888,0.8793551742069683
mnist,gru,15,0.2,1200,temporalrnn,0.7533333333333333,89,904,1200,2112,90,0.428030303030303,0.9888888888888888,0.8551870748299318
mnist,gru,16,0.1,600,temporalrnn,0.805,88,483,600,2092,90,0.2308795411089866,0.9777777777777776,0.8830165160486132
mnist,gru,16,0.2,1200,temporalrnn,0.7575,90,909,1200,2092,90,0.4345124282982792,1.0,0.8620199146514936
mnist,gru,17,0.1,600,temporalrnn,0.8283333333333334,84,497,600,2121,89,0.2343234323432343,0.9438202247191012,0.8823137806050744
mnist,gru,17,0.2,1200,temporalrnn,0.7816666666666666,88,938,1200,2121,89,0.4422442244224422,0.9887640449438202,0.8731026750298813
mnist,gru,18,0.1,600,temporalrnn,0.8116666666666666,90,487,600,2150,90,0.2265116279069767,1.0,0.8960441582336707
mnist,gru,18,0.2,1200,temporalrnn,0.775,90,930,1200,2150,90,0.4325581395348837,1.0,0.8732394366197184
mnist,gru,19,0.1,600,temporalrnn,0.8016666666666666,87,481,600,2165,90,0.2221709006928406,0.9666666666666668,0.876468740182218
mnist,gru,19,0.2,1200,temporalrnn,0.7758333333333334,88,931,1200,2165,90,0.4300230946882217,0.9777777777777776,0.8651776756956544
mnist,gru,20,0.1,600,temporalrnn,0.79,88,474,600,2122,90,0.2233741753063148,0.9777777777777776,0.8739157762413576
mnist,gru,20,0.2,1200,temporalrnn,0.7616666666666667,90,914,1200,2122,90,0.4307257304429783,1.0,0.8647114474929045
mnist,gru,21,0.1,600,temporalrnn,0.795,89,477,600,2128,90,0.2241541353383458,0.9888888888888888,0.8814076611647463
mnist,gru,21,0.2,1200,temporalrnn,0.765,90,918,1200,2128,90,0.431390977443609,1.0,0.8668555240793201
mnist,gru,22,0.1,600,temporalrnn,0.8116666666666666,89,487,600,2147,90,0.2268281322775966,0.9888888888888888,0.8915561040831019
mnist,gru,22,0.2,1200,temporalrnn,0.775,89,930,1200,2147,90,0.4331625523986958,0.9888888888888888,0.868976377952756
mnist,gru,23,0.1,600,temporalrnn,0.82,90,492,600,2149,90,0.2289436947417403,1.0,0.9010989010989012
mnist,gru,23,0.2,1200,temporalrnn,0.7741666666666667,90,929,1200,2149,90,0.4322940902745463,1.0,0.8727101925786754
mnist,gru,24,0.1,600,temporalrnn,0.8166666666666667,89,490,600,2132,90,0.2298311444652908,0.9888888888888888,0.8945641025641026
mnist,gru,24,0.2,1200,temporalrnn,0.76,89,912,1200,2132,90,0.4277673545966229,0.9888888888888888,0.8594663278271919
mnist,gru,25,0.1,600,temporalrnn,0.81,89,486,600,2172,90,0.223756906077348,0.9888888888888888,0.8905497220506485
mnist,gru,25,0.2,1200,temporalrnn,0.79,90,948,1200,2172,90,0.43646408839779,1.0,0.8826815642458101
mnist,gru,26,0.1,600,temporalrnn,0.8216666666666667,87,493,600,2130,90,0.2314553990610328,0.9666666666666668,0.8882882882882882
mnist,gru,26,0.2,1200,temporalrnn,0.7541666666666667,90,905,1200,2130,90,0.4248826291079812,1.0,0.8598574821852731
mnist,gru,27,0.1,600,temporalrnn,0.81,87,486,600,2109,90,0.2304409672830725,0.9666666666666668,0.8814258911819887
mnist,gru,27,0.2,1200,temporalrnn,0.7666666666666667,90,920,1200,2109,90,0.4362256993835941,1.0,0.8679245283018869
mnist,gru,28,0.1,600,temporalrnn,0.8083333333333333,87,485,600,2104,89,0.2305133079847909,0.9775280898876404,0.8849158496303675
mnist,gru,28,0.2,1200,temporalrnn,0.76,88,912,1200,2104,89,0.4334600760456273,0.9887640449438202,0.8594191724492418
mnist,gru,29,0.1,600,temporalrnn,0.8166666666666667,88,490,600,2126,90,0.2304797742238946,0.9777777777777776,0.8899896800825594
mnist,gru,29,0.2,1200,temporalrnn,0.7708333333333334,90,925,1200,2126,90,0.4350893697083725,1.0,0.8705882352941177
mnist,lstm,0,0.1,600,temporalrnn,0.7583333333333333,88,455,600,2132,90,0.2134146341463414,0.9777777777777776,0.8541866666666665
mnist,lstm,0,0.2,1200,temporalrnn,0.7116666666666667,90,854,1200,2132,90,0.400562851782364,1.0,0.8315481986368062
mnist,lstm,1,0.1,600,temporalrnn,0.7666666666666667,89,460,600,2136,90,0.2153558052434457,0.9888888888888888,0.8637130801687765
mnist,lstm,1,0.2,1200,temporalrnn,0.73,90,876,1200,2136,90,0.4101123595505618,1.0,0.8439306358381503
mnist,lstm,2,0.1,600,temporalrnn,0.7566666666666667,89,454,600,2104,90,0.2157794676806083,0.9888888888888888,0.8573307871843836
mnist,lstm,2,0.2,1200,temporalrnn,0.7191666666666666,90,863,1200,2104,90,0.4101711026615969,1.0,0.8366456616577799
mnist,lstm,3,0.1,600,temporalrnn,0.7716666666666666,90,463,600,2110,90,0.219431279620853,1.0,0.8711194731890876
mnist,lstm,3,0.2,1200,temporalrnn,0.7191666666666666,90,863,1200,2110,90,0.4090047393364929,1.0,0.8366456616577799
mnist,lstm,4,0.1,600,temporalrnn,0.7633333333333333,88,458,600,2153,90,0.2127264282396656,0.9777777777777776,0.8573495001063604
mnist,lstm,4,0.2,1200,temporalrnn,0.7258333333333333,89,871,1200,2153,90,0.4045517882025081,0.9888888888888888,0.837183433230736
mnist,lstm,5,0.1,600,temporalrnn,0.7616666666666667,89,457,600,2105,90,0.2171021377672209,0.9888888888888888,0.860531048344441
mnist,lstm,5,0.2,1200,temporalrnn,0.7316666666666667,90,878,1200,2105,90,0.4171021377672209,1.0,0.8450433108758422
mnist,lstm,6,0.1,600,temporalrnn,0.7666666666666667,84,460,600,2094,89,0.2196752626552053,0.9438202247191012,0.846069629954018
mnist,lstm,6,0.2,1200,temporalrnn,0.7025,89,843,1200,2094,89,0.4025787965616045,1.0,0.8252569750367107
mnist,lstm,7,0.1,600,temporalrnn,0.765,88,459,600,2117,89,0.2168162494095418,0.9887640449438202,0.8626069129000226
mnist,lstm,7,0.2,1200,temporalrnn,0.7266666666666667,89,872,1200,2117,89,0.4119036372224846,1.0,0.8416988416988418
mnist,lstm,8,0.1,600,temporalrnn,0.765,86,459,600,2137,89,0.214787084698175,0.9662921348314608,0.8539442515494695
mnist,lstm,8,0.2,1200,temporalrnn,0.7283333333333334,88,874,1200,2137,89,0.4089845577912962,0.9887640449438202,0.8387990359133195
mnist,lstm,9,0.1,600,temporalrnn,0.765,87,459,600,2124,90,0.2161016949152542,0.9666666666666668,0.8540904716073148
mnist,lstm,9,0.2,1200,temporalrnn,0.7208333333333333,90,865,1200,2124,90,0.4072504708097928,1.0,0.8377723970944311
mnist,lstm,10,0.1,600,temporalrnn,0.77,84,462,600,2091,90,0.2209469153515064,0.9333333333333332,0.8438356164383561
mnist,lstm,10,0.2,1200,temporalrnn,0.7291666666666666,90,875,1200,2091,90,0.4184600669536107,1.0,0.8433734939759037
mnist,lstm,11,0.1,600,temporalrnn,0.7666666666666667,89,460,600,2122,90,0.2167766258246936,0.9888888888888888,0.8637130801687765
mnist,lstm,11,0.2,1200,temporalrnn,0.735,90,882,1200,2122,90,0.41564561734213,1.0,0.8472622478386168
mnist,lstm,12,0.1,600,temporalrnn,0.745,87,447,600,2146,89,0.2082945013979496,0.9775280898876404,0.8455692899774957
mnist,lstm,12,0.2,1200,temporalrnn,0.7275,89,873,1200,2146,89,0.4068033550792171,1.0,0.8422575976845152
mnist,lstm,13,0.1,600,temporalrnn,0.7783333333333333,87,467,600,2125,89,0.2197647058823529,0.9775280898876404,0.8666318270533152
mnist,lstm,13,0.2,1200,temporalrnn,0.7341666666666666,89,881,1200,2125,89,0.4145882352941176,1.0,0.8467083133109082
mnist,lstm,14,0.1,600,temporalrnn,0.7533333333333333,90,452,600,2107,90,0.2145230185097294,1.0,0.8593155893536121
mnist,lstm,14,0.2,1200,temporalrnn,0.7125,90,855,1200,2107,90,0.4057902230659705,1.0,0.832116788321168
mnist,lstm,15,0.1,600,temporalrnn,0.745,86,447,600,2094,90,0.2134670487106017,0.9555555555555556,0.8372427311336165
mnist,lstm,15,0.2,1200,temporalrnn,0.71,90,852,1200,2094,90,0.4068767908309456,1.0,0.8304093567251462
mnist,lstm,16,0.1,600,temporalrnn,0.775,87,465,600,2140,90,0.2172897196261682,0.9666666666666668,0.8602870813397129
mnist,lstm,16,0.2,1200,temporalrnn,0.7341666666666666,90,881,1200,2140,90,0.4116822429906542,1.0,0.8467083133109082
mnist,lstm,17,0.1,600,temporalrnn,0.7583333333333333,89,455,600,2107,90,0.2159468438538206,0.9888888888888888,0.8583995760466349
mnist,lstm,17,0.2,1200,temporalrnn,0.7041666666666667,90,845,1200,2107,90,0.4010441385856668,1.0,0.8264058679706603
mnist,lstm,18,0.1,600,temporalrnn,0.7433333333333333,87,446,600,2111,90,0.2112742775935575,0.9666666666666668,0.8404158544509421
mnist,lstm,18,0.2,1200,temporalrnn,0.7166666666666667,89,860,1200,2111,90,0.4073898626243487,0.9888888888888888,0.8310532030401737
mnist,lstm,19,0.1,600,temporalrnn,0.7633333333333333,88,458,600,2161,90,0.2119389171679777,0.9777777777777776,0.8573495001063604
mnist,lstm,19,0.2,1200,temporalrnn,0.7283333333333334,90,874,1200,2161,90,0.4044423877834336,1.0,0.8428158148505304
mnist,lstm,20,0.1,600,temporalrnn,0.7416666666666667,85,445,600,2117,90,0.2102031176192725,0.9444444444444444,0.8308621636463481
mnist,lstm,20,0.2,1200,temporalrnn,0.7225,90,867,1200,2117,90,0.4095418044402456,1.0,0.8388969521044992
mnist,lstm,21,0.1,600,temporalrnn,0.7533333333333333,87,452,600,2131,89,0.2121069920225246,0.9775280898876404,0.8509109793569047
mnist,lstm,21,0.2,1200,temporalrnn,0.7125,89,855,1200,2131,89,0.4012200844673862,1.0,0.832116788321168
mnist,lstm,22,0.1,600,temporalrnn,0.7716666666666666,89,463,600,2159,90,0.2144511347846225,0.9888888888888888,0.8668770379720206
mnist,lstm,22,0.2,1200,temporalrnn,0.7383333333333333,90,886,1200,2159,90,0.4103751736915239,1.0,0.8494726749760306
mnist,lstm,23,0.1,600,temporalrnn,0.785,88,471,600,2133,89,0.220815752461322,0.9887640449438202,0.8751781585531943
mnist,lstm,23,0.2,1200,temporalrnn,0.7366666666666667,88,884,1200,2133,89,0.4144397562119081,0.9887640449438202,0.8442987692374482
mnist,lstm,24,0.1,600,temporalrnn,0.775,89,465,600,2156,90,0.2156771799628942,0.9888888888888888,0.868976377952756
mnist,lstm,24,0.2,1200,temporalrnn,0.7416666666666667,90,890,1200,2156,90,0.4128014842300556,1.0,0.8516746411483254
mnist,lstm,25,0.1,600,temporalrnn,0.7383333333333333,87,443,600,2097,90,0.2112541726275631,0.9666666666666668,0.8372108178559791
mnist,lstm,25,0.2,1200,temporalrnn,0.7291666666666666,90,875,1200,2097,90,0.4172627563185503,1.0,0.8433734939759037
mnist,lstm,26,0.1,600,temporalrnn,0.7616666666666667,86,457,600,2136,89,0.2139513108614232,0.9662921348314608,0.8518634920290876
mnist,lstm,26,0.2,1200,temporalrnn,0.7216666666666667,89,866,1200,2136,89,0.4054307116104869,1.0,0.8383349467570184
mnist,lstm,27,0.1,600,temporalrnn,0.7416666666666667,89,445,600,2136,90,0.2083333333333333,0.9888888888888888,0.8476190476190477
mnist,lstm,27,0.2,1200,temporalrnn,0.7108333333333333,90,853,1200,2136,90,0.3993445692883895,1.0,0.8309790550414028
mnist,lstm,28,0.1,600,temporalrnn,0.745,86,447,600,2103,89,0.2125534950071326,0.9662921348314608,0.8413381044614425
mnist,lstm,28,0.2,1200,temporalrnn,0.7158333333333333,89,859,1200,2103,89,0.4084640989063243,1.0,0.8343856240893638
mnist,lstm,29,0.1,600,temporalrnn,0.7716666666666666,88,463,600,2137,90,0.2166588675713617,0.9777777777777776,0.8625807134540066
mnist,lstm,29,0.2,1200,temporalrnn,0.735,90,882,1200,2137,90,0.4127281235376696,1.0,0.8472622478386168
snips,blstm,0,0.1,200,temporalrnn,0.69,38,138,200,509,41,0.2711198428290766,0.926829268292683,0.7910695429174839
snips,blstm,0,0.2,400,temporalrnn,0.61,41,244,400,509,41,0.4793713163064833,1.0,0.7577639751552795
snips,blstm,1,0.1,200,temporalrnn,0.63,39,126,200,529,42,0.2381852551984877,0.9285714285714286,0.7506874427131073
snips,blstm,1,0.2,400,temporalrnn,0.5725,41,229,400,529,42,0.4328922495274102,0.9761904761904762,0.7217311092320702
snips,blstm,2,0.1,200,temporalrnn,0.62,38,124,200,511,41,0.2426614481409001,0.926829268292683,0.7429832860296437
snips,blstm,2,0.2,400,temporalrnn,0.57,40,228,400,511,41,0.4461839530332681,0.975609756097561,0.7195833990847404
snips,blstm,3,0.1,200,temporalrnn,0.65,35,130,200,508,42,0.2559055118110236,0.8333333333333334,0.7303370786516855
snips,blstm,3,0.2,400,temporalrnn,0.5525,42,221,400,508,42,0.4350393700787401,1.0,0.7117552334943639
snips,blstm,4,0.1,200,temporalrnn,0.615,39,123,200,487,42,0.2525667351129363,0.9285714285714286,0.7399352151781582
snips,blstm,4,0.2,400,temporalrnn,0.55,42,220,400,487,42,0.4517453798767967,1.0,0.7096774193548387
snips,blstm,5,0.1,200,temporalrnn,0.66,37,132,200,519,42,0.2543352601156069,0.8809523809523809,0.7546353522867737
snips,blstm,5,0.2,400,temporalrnn,0.6275,42,251,400,519,42,0.4836223506743738,1.0,0.771121351766513
snips,blstm,6,0.1,200,temporalrnn,0.67,39,134,200,512,42,0.26171875,0.9285714285714286,0.7783735478105451
snips,blstm,6,0.2,400,temporalrnn,0.5725,40,229,400,512,42,0.447265625,0.9523809523809524,0.7151221797173861
snips,blstm,7,0.1,200,temporalrnn,0.625,39,125,200,477,41,0.2620545073375262,0.951219512195122,0.7543520309477756
snips,blstm,7,0.2,400,temporalrnn,0.5775,40,231,400,477,41,0.4842767295597484,0.975609756097561,0.725530996034706
snips,blstm,8,0.1,200,temporalrnn,0.645,36,129,200,491,42,0.2627291242362525,0.8571428571428571,0.7360912981455063
snips,blstm,8,0.2,400,temporalrnn,0.5525,42,221,400,491,42,0.45010183299389,1.0,0.7117552334943639
snips,blstm,9,0.1,200,temporalrnn,0.65,37,130,200,533,41,0.2439024390243902,0.902439024390244,0.7556952081696781
snips,blstm,9,0.2,400,temporalrnn,0.58,39,232,400,533,41,0.4352720450281426,0.951219512195122,0.720611659764256
snips,blstm,10,0.1,200,temporalrnn,0.62,38,124,200,512,41,0.2421875,0.926829268292683,0.7429832860296437
snips,blstm,10,0.2,400,temporalrnn,0.545,41,218,400,512,41,0.42578125,1.0,0.7055016181229774
snips,blstm,11,0.1,200,temporalrnn,0.635,38,127,200,478,41,0.2656903765690376,0.926829268292683,0.7536503474662294
snips,blstm,11,0.2,400,temporalrnn,0.5525,40,221,400,478,41,0.4623430962343096,0.975609756097561,0.7054786321375843
snips,blstm,12,0.1,200,temporalrnn,0.57,37,114,200,500,42,0.228,0.8809523809523809,0.6921562192320315
snips,blstm,12,0.2,400,temporalrnn,0.5225,40,209,400,500,42,0.418,0.9523809523809524,0.6747921543304544
snips,blstm,13,0.1,200,temporalrnn,0.665,40,133,200,491,42,0.2708757637474542,0.9523809523809524,0.783159134403062
snips,blstm,13,0.2,400,temporalrnn,0.5825,41,233,400,491,42,0.4745417515274949,0.9761904761904762,0.7296265179867104
snips,blstm,14,0.1,200,temporalrnn,0.67,37,134,200,517,42,0.2591876208897485,0.8809523809523809,0.7611298741172858
snips,blstm,14,0.2,400,temporalrnn,0.575,41,230,400,517,42,0.4448742746615087,0.9761904761904762,0.7237145049884881
snips,blstm,15,0.1,200,temporalrnn,0.63,35,126,200,523,42,0.2409177820267686,0.8333333333333334,0.7175398633257404
snips,blstm,15,0.2,400,temporalrnn,0.5625,42,225,400,523,42,0.4302103250478011,1.0,0.72
snips,blstm,16,0.1,200,temporalrnn,0.645,37,129,200,494,41,0.2611336032388664,0.902439024390244,0.7523051461896132
snips,blstm,16,0.2,400,temporalrnn,0.5725,40,229,400,494,41,0.4635627530364372,0.975609756097561,0.7215723344755602
snips,blstm,17,0.1,200,temporalrnn,0.615,35,123,200,473,40,0.2600422832980972,0.875,0.7223154362416107
snips,blstm,17,0.2,400,temporalrnn,0.5325,38,213,400,473,40,0.4503171247357294,0.95,0.6824620573355817
snips,blstm,18,0.1,200,temporalrnn,0.58,36,116,200,478,41,0.2426778242677824,0.8780487804878049,0.6985613917698227
snips,blstm,18,0.2,400,temporalrnn,0.515,38,206,400,478,41,0.4309623430962343,0.926829268292683,0.6620992979785165
snips,blstm,19,0.1,200,temporalrnn,0.635,40,127,200,503,42,0.2524850894632207,0.9523809523809524,0.7619619019049048
snips,blstm,19,0.2,400,temporalrnn,0.5575,40,223,400,503,42,0.4433399602385686,0.9523809523809524,0.7033036347867224
snips,blstm,20,0.1,200,temporalrnn,0.65,35,130,200,470,41,0.2765957446808511,0.8536585365853658,0.7380373073803731
snips,blstm,20,0.2,400,temporalrnn,0.56,41,224,400,470,41,0.4765957446808511,1.0,0.717948717948718
snips,blstm,21,0.1,200,temporalrnn,0.635,36,127,200,471,39,0.2696390658174097,0.9230769230769232,0.75240681313256
snips,blstm,21,0.2,400,temporalrnn,0.55,39,220,400,471,39,0.4670912951167728,1.0,0.7096774193548387
snips,blstm,22,0.1,200,temporalrnn,0.645,39,129,200,499,41,0.2585170340681362,0.951219512195122,0.768737107494843
snips,blstm,22,0.2,400,temporalrnn,0.5825,40,233,400,499,41,0.4669338677354709,0.975609756097561,0.7294642507729033
snips,blstm,23,0.1,200,temporalrnn,0.655,39,131,200,502,42,0.2609561752988047,0.9285714285714286,0.7681551646368967
snips,blstm,23,0.2,400,temporalrnn,0.5925,41,237,400,502,42,0.4721115537848606,0.9761904761904762,0.7374212643242013
snips,blstm,24,0.1,200,temporalrnn,0.64,38,128,200,470,42,0.2723404255319149,0.9047619047619048,0.7496917385943279
snips,blstm,24,0.2,400,temporalrnn,0.5425,41,217,400,470,42,0.4617021276595744,0.9761904761904762,0.6974210237516657
snips,blstm,25,0.1,200,temporalrnn,0.6,34,120,200,488,41,0.2459016393442623,0.8292682926829268,0.6962457337883958
snips,blstm,25,0.2,400,temporalrnn,0.515,36,206,400,488,41,0.4221311475409836,0.8780487804878049,0.6492164930403572
snips,blstm,26,0.1,200,temporalrnn,0.645,37,129,200,475,41,0.271578947368421,0.902439024390244,0.7523051461896132
snips,blstm,26,0.2,400,temporalrnn,0.555,39,222,400,475,41,0.4673684210526316,0.951219512195122,0.7009958707796939
snips,blstm,27,0.1,200,temporalrnn,0.67,36,134,200,500,42,0.268,0.8571428571428571,0.7521047708138447
snips,blstm,27,0.2,400,temporalrnn,0.6,41,240,400,500,42,0.48,0.9761904761904762,0.7432024169184289
snips,blstm,28,0.1,200,temporalrnn,0.695,35,139,200,562,40,0.2473309608540925,0.875,0.7746815286624203
snips,blstm,28,0.2,400,temporalrnn,0.6025,38,241,400,562,40,0.4288256227758007,0.95,0.7373590982286634
snips,blstm,29,0.1,200,temporalrnn,0.62,37,124,200,500,41,0.248,0.902439024390244,0.7350208266581224
snips,blstm,29,0.2,400,temporalrnn,0.5575,40,223,400,500,41,0.446,0.975609756097561,0.7095414230600963
snips,gru,0,0.1,200,temporalrnn,0.715,34,143,200,556,42,0.2571942446043165,0.8095238095238095,0.7593315633296891
snips,gru,0,0.2,400,temporalrnn,0.6275,40,251,400,556,42,0.4514388489208633,0.9523809523809524,0.7565368095848088
snips,gru,1,0.1,200,temporalrnn,0.68,38,136,200,539,41,0.2523191094619666,0.926829268292683,0.7844565877352764
snips,gru,1,0.2,400,temporalrnn,0.6,39,240,400,539,41,0.4452690166975881,0.951219512195122,0.7358490566037735
snips,gru,2,0.1,200,temporalrnn,0.695,38,139,200,564,41,0.2464539007092198,0.926829268292683,0.7943454395067299
snips,gru,2,0.2,400,temporalrnn,0.6125,40,245,400,564,41,0.4343971631205673,0.975609756097561,0.7525436744096755
snips,gru,3,0.1,200,temporalrnn,0.765,36,153,200,545,42,0.2807339449541284,0.8571428571428571,0.808454425363276
snips,gru,3,0.2,400,temporalrnn,0.6425,41,257,400,545,42,0.4715596330275229,0.9761904761904762,0.7749503566963301
snips,gru,4,0.1,200,temporalrnn,0.66,39,132,200,514,42,0.2568093385214007,0.9285714285714286,0.7715827338129497
snips,gru,4,0.2,400,temporalrnn,0.585,40,234,400,514,42,0.4552529182879377,0.9523809523809524,0.7247947963450518
snips,gru,5,0.1,200,temporalrnn,0.755,39,151,200,551,42,0.2740471869328493,0.9285714285714286,0.8328383538396266
snips,gru,5,0.2,400,temporalrnn,0.65,41,260,400,551,42,0.4718693284936479,0.9761904761904762,0.7803806734992679
snips,gru,6,0.1,200,temporalrnn,0.72,38,144,200,552,38,0.2608695652173913,1.0,0.8372093023255813
snips,gru,6,0.2,400,temporalrnn,0.6225,38,249,400,552,38,0.4510869565217391,1.0,0.7673343605546996
snips,gru,7,0.1,200,temporalrnn,0.735,40,147,200,542,41,0.2712177121771217,0.975609756097561,0.8383831182719043
snips,gru,7,0.2,400,temporalrnn,0.6475,40,259,400,542,41,0.477859778597786,0.975609756097561,0.7783913745820655
snips,gru,8,0.1,200,temporalrnn,0.69,38,138,200,529,41,0.2608695652173913,0.926829268292683,0.7910695429174839
snips,gru,8,0.2,400,temporalrnn,0.605,40,242,400,529,41,0.4574669187145557,0.975609756097561,0.746855952472803
snips,gru,9,0.1,200,temporalrnn,0.69,37,138,200,560,41,0.2464285714285714,0.902439024390244,0.7820493184254863
snips,gru,9,0.2,400,temporalrnn,0.64,40,256,400,560,41,0.4571428571428571,0.975609756097561,0.7729468599033816
snips,gru,10,0.1,200,temporalrnn,0.75,38,150,200,549,40,0.273224043715847,0.95,0.838235294117647
snips,gru,10,0.2,400,temporalrnn,0.655,38,262,400,549,40,0.4772313296903461,0.95,0.7753894080996885
snips,gru,11,0.1,200,temporalrnn,0.725,39,145,200,522,42,0.2777777777777778,0.9285714285714286,0.8142548596112312
snips,gru,11,0.2,400,temporalrnn,0.6,41,240,400,522,42,0.4597701149425287,0.9761904761904762,0.7432024169184289
snips,gru,12,0.1,200,temporalrnn,0.715,36,143,200,569,41,0.2513181019332162,0.8780487804878049,0.7881803567327567
snips,gru,12,0.2,400,temporalrnn,0.645,39,258,400,569,41,0.453427065026362,0.951219512195122,0.768737107494843
snips,gru,13,0.1,200,temporalrnn,0.715,37,143,200,528,40,0.2708333333333333,0.925,0.8065548780487805
snips,gru,13,0.2,400,temporalrnn,0.6375,39,255,400,528,40,0.4829545454545454,0.975,0.7709302325581395
snips,gru,14,0.1,200,temporalrnn,0.735,36,147,200,548,41,0.2682481751824817,0.8780487804878049,0.8001814470401452
snips,gru,14,0.2,400,temporalrnn,0.6325,38,253,400,548,41,0.4616788321167883,0.926829268292683,0.7518867555625073
snips,gru,15,0.1,200,temporalrnn,0.72,39,144,200,548,42,0.2627737226277372,0.9285714285714286,0.8110918544194108
snips,gru,15,0.2,400,temporalrnn,0.64,41,256,400,548,42,0.4671532846715328,0.9761904761904762,0.7731290512669416
snips,gru,16,0.1,200,temporalrnn,0.705,37,141,200,534,41,0.2640449438202247,0.902439024390244,0.7915939610044762
snips,gru,16,0.2,400,temporalrnn,0.6175,39,247,400,534,41,0.4625468164794007,0.951219512195122,0.7488630621526023
snips,gru,17,0.1,200,temporalrnn,0.7,40,140,200,497,41,0.2816901408450704,0.975609756097561,0.8151382823871907
snips,gru,17,0.2,400,temporalrnn,0.625,40,250,400,497,41,0.5030181086519114,0.975609756097561,0.7619047619047619
snips,gru,18,0.1,200,temporalrnn,0.7,38,140,200,526,42,0.2661596958174905,0.9047619047619048,0.7893175074183976
snips,gru,18,0.2,400,temporalrnn,0.635,41,254,400,526,42,0.4828897338403042,0.9761904761904762,0.7694694842618591
snips,gru,19,0.1,200,temporalrnn,0.69,34,138,200,524,40,0.2633587786259542,0.85,0.7616883116883115
snips,gru,19,0.2,400,temporalrnn,0.605,37,242,400,524,40,0.4618320610687023,0.925,0.7315359477124184
snips,gru,20,0.1,200,temporalrnn,0.695,36,139,200,518,42,0.2683397683397683,0.8571428571428571,0.7676023930050621
snips,gru,20,0.2,400,temporalrnn,0.6275,40,251,400,518,42,0.4845559845559845,0.9523809523809524,0.7565368095848088
snips,gru,21,0.1,200,temporalrnn,0.715,40,143,200,528,41,0.2708333333333333,0.975609756097561,0.8252182067373585
snips,gru,21,0.2,400,temporalrnn,0.63,41,252,400,528,41,0.4772727272727273,1.0,0.7730061349693252
snips,gru,22,0.1,200,temporalrnn,0.745,40,149,200,512,41,0.291015625,0.975609756097561,0.8448508044510595
snips,gru,22,0.2,400,temporalrnn,0.6025,40,241,400,512,41,0.470703125,0.975609756097561,0.7449480313743673
snips,gru,23,0.1,200,temporalrnn,0.685,39,137,200,520,41,0.2634615384615384,0.951219512195122,0.7964522620556012
snips,gru,23,0.2,400,temporalrnn,0.6,40,240,400,520,41,0.4615384615384615,0.975609756097561,0.7430340557275541
snips,gru,24,0.1,200,temporalrnn,0.705,39,141,200,498,41,0.2831325301204819,0.951219512195122,0.8098078197481775
snips,gru,24,0.2,400,temporalrnn,0.62,40,248,400,498,41,0.4979919678714859,0.975609756097561,0.7581779272393763
snips,gru,25,0.1,200,temporalrnn,0.655,36,131,200,534,40,0.245318352059925,0.9,0.7581993569131832
snips,gru,25,0.2,400,temporalrnn,0.585,39,234,400,534,40,0.4382022471910112,0.975,0.73125
snips,gru,26,0.1,200,temporalrnn,0.7,38,140,200,522,41,0.2681992337164751,0.926829268292683,0.7976011994002998
snips,gru,26,0.2,400,temporalrnn,0.61,40,244,400,522,41,0.4674329501915709,0.975609756097561,0.7506537455776034
snips,gru,27,0.1,200,temporalrnn,0.69,37,138,200,515,42,0.2679611650485436,0.8809523809523809,0.7738708699605941
snips,gru,27,0.2,400,temporalrnn,0.6125,41,245,400,515,42,0.4757281553398058,0.9761904761904762,0.7527163731734733
snips,gru,28,0.1,200,temporalrnn,0.735,35,147,200,599,40,0.2454090150250417,0.875,0.7989130434782609
snips,gru,28,0.2,400,temporalrnn,0.6525,39,261,400,599,40,0.4357262103505843,0.975,0.7817972350230414
snips,gru,29,0.1,200,temporalrnn,0.74,38,148,200,521,40,0.2840690978886756,0.95,0.8319526627218935
snips,gru,29,0.2,400,temporalrnn,0.6225,38,249,400,521,40,0.4779270633397313,0.95,0.7521462639109697
snips,lstm,0,0.1,200,temporalrnn,0.595,37,119,200,439,40,0.2710706150341685,0.925,0.7241776315789473
snips,lstm,0,0.2,400,temporalrnn,0.5075,40,203,400,439,40,0.4624145785876993,1.0,0.6733001658374793
snips,lstm,1,0.1,200,temporalrnn,0.64,40,128,200,468,41,0.2735042735042735,0.975609756097561,0.7729468599033816
snips,lstm,1,0.2,400,temporalrnn,0.5675,40,227,400,468,41,0.485042735042735,0.975609756097561,0.7175880191251433
snips,lstm,2,0.1,200,temporalrnn,0.66,39,132,200,441,41,0.2993197278911564,0.951219512195122,0.779291553133515
snips,lstm,2,0.2,400,temporalrnn,0.55,39,220,400,441,41,0.4988662131519274,0.951219512195122,0.6969943135662063
snips,lstm,3,0.1,200,temporalrnn,0.605,40,121,200,436,41,0.2775229357798165,0.975609756097561,0.746855952472803
snips,lstm,3,0.2,400,temporalrnn,0.535,41,214,400,436,41,0.4908256880733945,1.0,0.6970684039087948
snips,lstm,4,0.1,200,temporalrnn,0.605,40,121,200,411,41,0.2944038929440389,0.975609756097561,0.746855952472803
snips,lstm,4,0.2,400,temporalrnn,0.505,40,202,400,411,41,0.4914841849148418,0.975609756097561,0.6655135491310437
snips,lstm,5,0.1,200,temporalrnn,0.605,38,121,200,434,40,0.2788018433179723,0.95,0.7392282958199357
snips,lstm,5,0.2,400,temporalrnn,0.525,40,210,400,434,40,0.4838709677419355,1.0,0.6885245901639345
snips,lstm,6,0.1,200,temporalrnn,0.64,37,128,200,460,41,0.2782608695652174,0.902439024390244,0.7488931056293486
snips,lstm,6,0.2,400,temporalrnn,0.5325,40,213,400,460,41,0.4630434782608695,0.975609756097561,0.6889580722112159
snips,lstm,7,0.1,200,temporalrnn,0.635,39,127,200,436,41,0.2912844036697247,0.951219512195122,0.7615899131237026
snips,lstm,7,0.2,400,temporalrnn,0.525,41,210,400,436,41,0.481651376146789,1.0,0.6885245901639345
snips,lstm,8,0.1,200,temporalrnn,0.675,40,135,200,453,41,0.2980132450331126,0.975609756097561,0.7979312892500924
snips,lstm,8,0.2,400,temporalrnn,0.545,41,218,400,453,41,0.4812362030905077,1.0,0.7055016181229774
snips,lstm,9,0.1,200,temporalrnn,0.61,38,122,200,469,40,0.2601279317697228,0.95,0.742948717948718
snips,lstm,9,0.2,400,temporalrnn,0.5325,39,213,400,469,40,0.4541577825159915,0.975,0.6888059701492537
snips,lstm,10,0.1,200,temporalrnn,0.56,40,112,200,431,41,0.259860788863109,0.975609756097561,0.7115628970775095
snips,lstm,10,0.2,400,temporalrnn,0.505,40,202,400,431,41,0.4686774941995359,0.975609756097561,0.6655135491310437
snips,lstm,11,0.1,200,temporalrnn,0.6,36,120,200,419,40,0.2863961813842482,0.9,0.7200000000000001
snips,lstm,11,0.2,400,temporalrnn,0.5025,38,201,400,419,40,0.4797136038186158,0.95,0.657314974182444
snips,lstm,12,0.1,200,temporalrnn,0.59,37,118,200,441,41,0.2675736961451247,0.902439024390244,0.7135152802745547
snips,lstm,12,0.2,400,temporalrnn,0.515,38,206,400,441,41,0.4671201814058957,0.926829268292683,0.6620992979785165
snips,lstm,13,0.1,200,temporalrnn,0.625,39,125,200,421,41,0.2969121140142517,0.951219512195122,0.7543520309477756
snips,lstm,13,0.2,400,temporalrnn,0.5175,40,207,400,421,41,0.4916864608076009,0.975609756097561,0.6762772083146159
snips,lstm,14,0.1,200,temporalrnn,0.63,39,126,200,441,41,0.2857142857142857,0.951219512195122,0.7579824155483573
snips,lstm,14,0.2,400,temporalrnn,0.5125,41,205,400,441,41,0.4648526077097505,1.0,0.6776859504132231
snips,lstm,15,0.1,200,temporalrnn,0.605,40,121,200,452,41,0.2676991150442478,0.975609756097561,0.746855952472803
snips,lstm,15,0.2,400,temporalrnn,0.52,41,208,400,452,41,0.4601769911504424,1.0,0.6842105263157895
snips,lstm,16,0.1,200,temporalrnn,0.645,39,129,200,429,41,0.3006993006993007,0.951219512195122,0.768737107494843
snips,lstm,16,0.2,400,temporalrnn,0.5275,41,211,400,429,41,0.4918414918414918,1.0,0.690671031096563
snips,lstm,17,0.1,200,temporalrnn,0.6,35,120,200,408,40,0.2941176470588235,0.875,0.711864406779661
snips,lstm,17,0.2,400,temporalrnn,0.4875,38,195,400,408,40,0.4779411764705882,0.95,0.6443478260869565
snips,lstm,18,0.1,200,temporalrnn,0.625,38,125,200,440,41,0.2840909090909091,0.926829268292683,0.7465618860510806
snips,lstm,18,0.2,400,temporalrnn,0.5325,40,213,400,440,41,0.484090909090909,0.975609756097561,0.6889580722112159
snips,lstm,19,0.1,200,temporalrnn,0.52,35,104,200,413,40,0.2518159806295399,0.875,0.6523297491039427
snips,lstm,19,0.2,400,temporalrnn,0.465,40,186,400,413,40,0.4503631961259079,1.0,0.6348122866894198
snips,lstm,20,0.1,200,temporalrnn,0.585,37,117,200,430,41,0.2720930232558139,0.902439024390244,0.709846683610724
snips,lstm,20,0.2,400,temporalrnn,0.5025,40,201,400,430,41,0.4674418604651162,0.975609756097561,0.6633389711645559
snips,lstm,21,0.1,200,temporalrnn,0.585,37,117,200,425,41,0.2752941176470588,0.902439024390244,0.709846683610724
snips,lstm,21,0.2,400,temporalrnn,0.5,41,200,400,425,41,0.4705882352941176,1.0,0.6666666666666666
snips,lstm,22,0.1,200,temporalrnn,0.61,41,122,200,434,41,0.2811059907834101,1.0,0.7577639751552795
snips,lstm,22,0.2,400,temporalrnn,0.5225,41,209,400,434,41,0.4815668202764977,1.0,0.6863711001642036
snips,lstm,23,0.1,200,temporalrnn,0.595,37,119,200,445,41,0.2674157303370786,0.902439024390244,0.717159377799495
snips,lstm,23,0.2,400,temporalrnn,0.52,39,208,400,445,41,0.4674157303370786,0.951219512195122,0.6724137931034483
snips,lstm,24,0.1,200,temporalrnn,0.625,37,125,200,411,41,0.3041362530413625,0.902439024390244,0.7385229540918165
snips,lstm,24,0.2,400,temporalrnn,0.5,40,200,400,411,41,0.48661800486618,0.975609756097561,0.6611570247933884
snips,lstm,25,0.1,200,temporalrnn,0.565,36,113,200,429,39,0.2634032634032634,0.9230769230769232,0.7009563194623933
snips,lstm,25,0.2,400,temporalrnn,0.4975,39,199,400,429,39,0.4638694638694638,1.0,0.664440734557596
snips,lstm,26,0.1,200,temporalrnn,0.625,39,125,200,417,41,0.2997601918465228,0.951219512195122,0.7543520309477756
snips,lstm,26,0.2,400,temporalrnn,0.53,40,212,400,417,41,0.5083932853717026,0.975609756097561,0.6868621415843188
snips,lstm,27,0.1,200,temporalrnn,0.62,39,124,200,443,41,0.2799097065462754,0.951219512195122,0.7506985408258304
snips,lstm,27,0.2,400,temporalrnn,0.555,41,222,400,443,41,0.5011286681715575,1.0,0.7138263665594855
snips,lstm,28,0.1,200,temporalrnn,0.585,36,117,200,454,41,0.2577092511013216,0.8780487804878049,0.7021755438859716
snips,lstm,28,0.2,400,temporalrnn,0.5225,40,209,400,454,41,0.460352422907489,0.975609756097561,0.680532378200171
snips,lstm,29,0.1,200,temporalrnn,0.64,38,128,200,435,41,0.2942528735632184,0.926829268292683,0.7571606475716065
snips,lstm,29,0.2,400,temporalrnn,0.5325,41,213,400,435,41,0.4896551724137931,1.0,0.6949429037520392
svhn,blstm,0,0.1,700,temporalrnn,0.85,44,595,700,5990,45,0.0993322203672788,0.9777777777777776,0.9094224924012158
svhn,blstm,0,0.2,1400,temporalrnn,0.8342857142857143,45,1168,1400,5990,45,0.194991652754591,1.0,0.909657320872274
svhn,blstm,1,0.1,700,temporalrnn,0.8542857142857143,45,598,700,5934,45,0.1007751937984496,1.0,0.921417565485362
svhn,blstm,1,0.2,1400,temporalrnn,0.8571428571428571,45,1200,1400,5934,45,0.2022244691607684,1.0,0.923076923076923
svhn,blstm,2,0.1,700,temporalrnn,0.8457142857142858,45,592,700,5962,45,0.0992955384099295,1.0,0.9164086687306502
svhn,blstm,2,0.2,1400,temporalrnn,0.8471428571428572,45,1186,1400,5962,45,0.1989265347198926,1.0,0.917246713070379
svhn,blstm,3,0.1,700,temporalrnn,0.8528571428571429,45,597,700,5960,45,0.1001677852348993,1.0,0.920585967617579
svhn,blstm,3,0.2,1400,temporalrnn,0.8421428571428572,45,1179,1400,5960,45,0.1978187919463087,1.0,0.9143078712679334
svhn,blstm,4,0.1,700,temporalrnn,0.83,44,581,700,5932,45,0.0979433580579905,0.9777777777777776,0.8978488014751075
svhn,blstm,4,0.2,1400,temporalrnn,0.825,45,1155,1400,5932,45,0.1947066756574511,1.0,0.9041095890410958
svhn,blstm,5,0.1,700,temporalrnn,0.8457142857142858,45,592,700,5953,45,0.0994456576516042,1.0,0.9164086687306502
svhn,blstm,5,0.2,1400,temporalrnn,0.8485714285714285,45,1188,1400,5953,45,0.199563245422476,1.0,0.9180834621329212
svhn,blstm,6,0.1,700,temporalrnn,0.8185714285714286,45,573,700,5890,45,0.097283531409168,1.0,0.9002356637863316
svhn,blstm,6,0.2,1400,temporalrnn,0.8321428571428572,45,1165,1400,5890,45,0.197792869269949,1.0,0.9083820662768032
svhn,blstm,7,0.1,700,temporalrnn,0.8471428571428572,44,593,700,5974,45,0.0992634750585872,0.9777777777777776,0.9077846394711664
svhn,blstm,7,0.2,1400,temporalrnn,0.8521428571428571,45,1193,1400,5974,45,0.1996986943421493,1.0,0.9201696876205168
svhn,blstm,8,0.1,700,temporalrnn,0.8414285714285714,45,589,700,5916,45,0.0995605138607167,1.0,0.9138867339022498
svhn,blstm,8,0.2,1400,temporalrnn,0.8328571428571429,45,1166,1400,5916,45,0.1970926301555104,1.0,0.9088074824629776
svhn,blstm,9,0.1,700,temporalrnn,0.8328571428571429,45,583,700,5914,45,0.0985796415285762,1.0,0.9088074824629776
svhn,blstm,9,0.2,1400,temporalrnn,0.8435714285714285,45,1181,1400,5914,45,0.1996956374704092,1.0,0.915149166989539
svhn,blstm,10,0.1,700,temporalrnn,0.8728571428571429,45,611,700,5973,45,0.1022936547798426,1.0,0.9321128909229596
svhn,blstm,10,0.2,1400,temporalrnn,0.8471428571428572,45,1186,1400,5973,45,0.1985601875104637,1.0,0.917246713070379
svhn,blstm,11,0.1,700,temporalrnn,0.8314285714285714,45,582,700,5913,45,0.0984271943176052,1.0,0.90795631825273
svhn,blstm,11,0.2,1400,temporalrnn,0.8314285714285714,45,1164,1400,5913,45,0.1968543886352105,1.0,0.90795631825273
svhn,blstm,12,0.1,700,temporalrnn,0.8528571428571429,45,597,700,5936,45,0.1005727762803234,1.0,0.920585967617579
svhn,blstm,12,0.2,1400,temporalrnn,0.8414285714285714,45,1178,1400,5936,45,0.1984501347708895,1.0,0.9138867339022498
svhn,blstm,13,0.1,700,temporalrnn,0.86,45,602,700,6022,45,0.0999667884423779,1.0,0.924731182795699
svhn,blstm,13,0.2,1400,temporalrnn,0.85,45,1190,1400,6022,45,0.1976087678512122,1.0,0.9189189189189187
svhn,blstm,14,0.1,700,temporalrnn,0.8457142857142858,44,592,700,5956,45,0.099395567494963,0.9777777777777776,0.9069637883008356
svhn,blstm,14,0.2,1400,temporalrnn,0.8321428571428572,45,1165,1400,5956,45,0.1956010745466756,1.0,0.9083820662768032
svhn,blstm,15,0.1,700,temporalrnn,0.8528571428571429,45,597,700,5936,45,0.1005727762803234,1.0,0.920585967617579
svhn,blstm,15,0.2,1400,temporalrnn,0.8442857142857143,45,1182,1400,5936,45,0.1991239892183288,1.0,0.9155693261037956
svhn,blstm,16,0.1,700,temporalrnn,0.8271428571428572,45,579,700,5936,45,0.0975404312668463,1.0,0.90539483971853
svhn,blstm,16,0.2,1400,temporalrnn,0.825,45,1155,1400,5936,45,0.1945754716981132,1.0,0.9041095890410958
svhn,blstm,17,0.1,700,temporalrnn,0.8528571428571429,45,597,700,5989,45,0.099682751711471,1.0,0.920585967617579
svhn,blstm,17,0.2,1400,temporalrnn,0.8492857142857143,45,1189,1400,5989,45,0.1985306395057605,1.0,0.9185013518733104
svhn,blstm,18,0.1,700,temporalrnn,0.8528571428571429,44,597,700,5910,45,0.1010152284263959,0.9777777777777776,0.9110552328101968
svhn,blstm,18,0.2,1400,temporalrnn,0.8428571428571429,45,1180,1400,5910,45,0.1996615905245347,1.0,0.9147286821705426
svhn,blstm,19,0.1,700,temporalrnn,0.8414285714285714,45,589,700,5987,45,0.0983798229497244,1.0,0.9138867339022498
svhn,blstm,19,0.2,1400,temporalrnn,0.8428571428571429,45,1180,1400,5987,45,0.1970937030232169,1.0,0.9147286821705426
svhn,blstm,20,0.1,700,temporalrnn,0.8657142857142858,45,606,700,5973,45,0.1014565544952285,1.0,0.9280245022970904
svhn,blstm,20,0.2,1400,temporalrnn,0.8485714285714285,45,1188,1400,5973,45,0.1988950276243093,1.0,0.9180834621329212
svhn,blstm,21,0.1,700,temporalrnn,0.8457142857142858,45,592,700,5938,45,0.0996968676321994,1.0,0.9164086687306502
svhn,blstm,21,0.2,1400,temporalrnn,0.8414285714285714,45,1178,1400,5938,45,0.1983832940383967,1.0,0.9138867339022498
svhn,blstm,22,0.1,700,temporalrnn,0.8528571428571429,45,597,700,5935,45,0.1005897219882055,1.0,0.920585967617579
svhn,blstm,22,0.2,1400,temporalrnn,0.84,45,1176,1400,5935,45,0.1981465880370682,1.0,0.9130434782608696
svhn,blstm,23,0.1,700,temporalrnn,0.8242857142857143,45,577,700,5980,45,0.0964882943143812,1.0,0.903680501174628
svhn,blstm,23,0.2,1400,temporalrnn,0.8392857142857143,45,1175,1400,5980,45,0.1964882943143812,1.0,0.9126213592233008
svhn,blstm,24,0.1,700,temporalrnn,0.8228571428571428,45,576,700,5931,45,0.0971168437025796,1.0,0.90282131661442
svhn,blstm,24,0.2,1400,temporalrnn,0.8364285714285714,45,1171,1400,5931,45,0.197437194402293,1.0,0.910929599377674
svhn,blstm,25,0.1,700,temporalrnn,0.8471428571428572,45,593,700,5907,45,0.1003893685457931,1.0,0.917246713070379
svhn,blstm,25,0.2,1400,temporalrnn,0.8342857142857143,45,1168,1400,5907,45,0.1977315049940748,1.0,0.909657320872274
svhn,blstm,26,0.1,700,temporalrnn,0.8728571428571429,45,611,700,5942,45,0.1028273308650286,1.0,0.9321128909229596
svhn,blstm,26,0.2,1400,temporalrnn,0.8521428571428571,45,1193,1400,5942,45,0.2007741501178054,1.0,0.9201696876205168
svhn,blstm,27,0.1,700,temporalrnn,0.8285714285714286,44,580,700,5913,45,0.0980889565364451,0.9777777777777776,0.8970123022847101
svhn,blstm,27,0.2,1400,temporalrnn,0.8307142857142857,45,1163,1400,5913,45,0.1966852697446304,1.0,0.907530238002341
svhn,blstm,28,0.1,700,temporalrnn,0.8285714285714286,45,580,700,5914,45,0.0980723706459249,1.0,0.90625
svhn,blstm,28,0.2,1400,temporalrnn,0.8314285714285714,45,1164,1400,5914,45,0.1968211024687182,1.0,0.90795631825273
svhn,blstm,29,0.1,700,temporalrnn,0.8614285714285714,45,603,700,5981,45,0.1008192609931449,1.0,0.9255564082885648
svhn,blstm,29,0.2,1400,temporalrnn,0.845,45,1183,1400,5981,45,0.1977930112021401,1.0,0.9159891598915988
svhn,gru,0,0.1,700,temporalrnn,0.8185714285714286,87,573,700,3969,90,0.1443688586545729,0.9666666666666668,0.8864763937049881
svhn,gru,0,0.2,1400,temporalrnn,0.8042857142857143,90,1126,1400,3969,90,0.2836986646510456,1.0,0.8915281076801267
svhn,gru,1,0.1,700,temporalrnn,0.82,89,574,700,4016,90,0.1429282868525896,0.9888888888888888,0.8965601965601966
svhn,gru,1,0.2,1400,temporalrnn,0.8085714285714286,90,1132,1400,4016,90,0.2818725099601594,1.0,0.8941548183254344
svhn,gru,2,0.1,700,temporalrnn,0.8485714285714285,88,594,700,4043,90,0.1469206035122434,0.9777777777777776,0.908604206500956
svhn,gru,2,0.2,1400,temporalrnn,0.8257142857142857,90,1156,1400,4043,90,0.2859262923571605,1.0,0.9045383411580596
svhn,gru,3,0.1,700,temporalrnn,0.8314285714285714,89,582,700,4018,90,0.1448481831757093,0.9888888888888888,0.9033484478549006
svhn,gru,3,0.2,1400,temporalrnn,0.815,90,1141,1400,4018,90,0.28397212543554,1.0,0.8980716253443526
svhn,gru,4,0.1,700,temporalrnn,0.8414285714285714,90,589,700,3982,90,0.1479156202913109,1.0,0.9138867339022498
svhn,gru,4,0.2,1400,temporalrnn,0.8128571428571428,90,1138,1400,3982,90,0.2857860371672526,1.0,0.896769109535067
svhn,gru,5,0.1,700,temporalrnn,0.8085714285714286,89,566,700,4024,90,0.1406560636182902,0.9888888888888888,0.8896856234546097
svhn,gru,5,0.2,1400,temporalrnn,0.7964285714285714,90,1115,1400,4024,90,0.2770874751491053,1.0,0.8866799204771372
svhn,gru,6,0.1,700,temporalrnn,0.84,89,588,700,3994,90,0.1472208312468703,0.9888888888888888,0.9083839611178616
svhn,gru,6,0.2,1400,temporalrnn,0.8057142857142857,90,1128,1400,3994,90,0.2824236354531798,1.0,0.8924050632911393
svhn,gru,7,0.1,700,temporalrnn,0.8628571428571429,89,604,700,3985,90,0.1515683814303638,0.9888888888888888,0.9215840905194582
svhn,gru,7,0.2,1400,temporalrnn,0.8185714285714286,90,1146,1400,3985,90,0.2875784190715182,1.0,0.9002356637863316
svhn,gru,8,0.1,700,temporalrnn,0.8357142857142857,90,585,700,4042,90,0.14473033151905,1.0,0.9105058365758756
svhn,gru,8,0.2,1400,temporalrnn,0.8142857142857143,90,1140,1400,4042,90,0.2820385947550717,1.0,0.8976377952755905
svhn,gru,9,0.1,700,temporalrnn,0.8457142857142858,90,592,700,4018,90,0.1473369835739173,1.0,0.9164086687306502
svhn,gru,9,0.2,1400,temporalrnn,0.8228571428571428,90,1152,1400,4018,90,0.2867098058735689,1.0,0.90282131661442
svhn,gru,10,0.1,700,temporalrnn,0.84,89,588,700,3981,90,0.1477015825169555,0.9888888888888888,0.9083839611178616
svhn,gru,10,0.2,1400,temporalrnn,0.81,90,1134,1400,3981,90,0.2848530519969857,1.0,0.8950276243093923
svhn,gru,11,0.1,700,temporalrnn,0.8571428571428571,90,600,700,3996,90,0.1501501501501501,1.0,0.923076923076923
svhn,gru,11,0.2,1400,temporalrnn,0.825,90,1155,1400,3996,90,0.289039039039039,1.0,0.9041095890410958
svhn,gru,12,0.1,700,temporalrnn,0.84,89,588,700,3979,90,0.1477758230711233,0.9888888888888888,0.9083839611178616
svhn,gru,12,0.2,1400,temporalrnn,0.815,90,1141,1400,3979,90,0.286755466197537,1.0,0.8980716253443526
svhn,gru,13,0.1,700,temporalrnn,0.8342857142857143,88,584,700,4000,90,0.146,0.9777777777777776,0.9003503854239665
svhn,gru,13,0.2,1400,temporalrnn,0.8028571428571428,89,1124,1400,4000,90,0.281,0.9888888888888888,0.8862154500354358
svhn,gru,14,0.1,700,temporalrnn,0.8271428571428572,90,579,700,4047,90,0.1430689399555226,1.0,0.90539483971853
svhn,gru,14,0.2,1400,temporalrnn,0.8078571428571428,90,1131,1400,4047,90,0.279466271312083,1.0,0.8937178980640063
svhn,gru,15,0.1,700,temporalrnn,0.8142857142857143,90,570,700,3993,90,0.1427498121712997,1.0,0.8976377952755905
svhn,gru,15,0.2,1400,temporalrnn,0.7914285714285715,90,1108,1400,3993,90,0.2774855997996494,1.0,0.8835725677830942
svhn,gru,16,0.1,700,temporalrnn,0.8485714285714285,90,594,700,3979,90,0.1492837396330736,1.0,0.9180834621329212
svhn,gru,16,0.2,1400,temporalrnn,0.8107142857142857,90,1135,1400,3979,90,0.2852475496355868,1.0,0.8954635108481263
svhn,gru,17,0.1,700,temporalrnn,0.8657142857142858,90,606,700,4057,90,0.1493714567414345,1.0,0.9280245022970904
svhn,gru,17,0.2,1400,temporalrnn,0.8278571428571428,90,1159,1400,4057,90,0.2856790732068031,1.0,0.9058225869480264
svhn,gru,18,0.1,700,temporalrnn,0.84,89,588,700,3992,90,0.1472945891783567,0.9888888888888888,0.9083839611178616
svhn,gru,18,0.2,1400,temporalrnn,0.795,90,1113,1400,3992,90,0.2788076152304609,1.0,0.8857938718662953
svhn,gru,19,0.1,700,temporalrnn,0.8171428571428572,90,572,700,4039,90,0.141619212676405,1.0,0.89937106918239
svhn,gru,19,0.2,1400,temporalrnn,0.81,90,1134,1400,4039,90,0.2807625649913345,1.0,0.8950276243093923
svhn,gru,20,0.1,700,temporalrnn,0.84,88,588,700,4052,90,0.1451135241855873,0.9777777777777776,0.9036674816625916
svhn,gru,20,0.2,1400,temporalrnn,0.8228571428571428,90,1152,1400,4052,90,0.2843040473840079,1.0,0.90282131661442
svhn,gru,21,0.1,700,temporalrnn,0.86,89,602,700,4028,90,0.1494538232373386,0.9888888888888888,0.9199519230769232
svhn,gru,21,0.2,1400,temporalrnn,0.8214285714285714,90,1150,1400,4028,90,0.2855014895729891,1.0,0.9019607843137256
svhn,gru,22,0.1,700,temporalrnn,0.8042857142857143,87,563,700,3987,90,0.1412089290193127,0.9666666666666668,0.8780317289593976
svhn,gru,22,0.2,1400,temporalrnn,0.7935714285714286,90,1111,1400,3987,90,0.2786556308001003,1.0,0.8849064117881322
svhn,gru,23,0.1,700,temporalrnn,0.8385714285714285,90,587,700,4058,90,0.1446525381961557,1.0,0.912198912198912
svhn,gru,23,0.2,1400,temporalrnn,0.8207142857142857,90,1149,1400,4058,90,0.2831444061113849,1.0,0.9015300117693212
svhn,gru,24,0.1,700,temporalrnn,0.8214285714285714,90,575,700,3990,90,0.144110275689223,1.0,0.9019607843137256
svhn,gru,24,0.2,1400,temporalrnn,0.7778571428571428,90,1089,1400,3990,90,0.2729323308270677,1.0,0.875050220972278
svhn,gru,25,0.1,700,temporalrnn,0.8214285714285714,89,575,700,4024,90,0.1428926441351888,0.9888888888888888,0.8974134151687856
svhn,gru,25,0.2,1400,temporalrnn,0.7942857142857143,90,1112,1400,4024,90,0.2763419483101391,1.0,0.8853503184713376
svhn,gru,26,0.1,700,temporalrnn,0.8385714285714285,90,587,700,4012,90,0.1463110667996012,1.0,0.912198912198912
svhn,gru,26,0.2,1400,temporalrnn,0.7971428571428572,90,1116,1400,4012,90,0.2781655034895314,1.0,0.8871224165341812
svhn,gru,27,0.1,700,temporalrnn,0.8114285714285714,89,568,700,3941,90,0.144125856381629,0.9888888888888888,0.8914124493034737
svhn,gru,27,0.2,1400,temporalrnn,0.7978571428571428,90,1117,1400,3941,90,0.2834306013702106,1.0,0.8875645609852999
svhn,gru,28,0.1,700,temporalrnn,0.8285714285714286,90,580,700,3985,90,0.1455457967377666,1.0,0.90625
svhn,gru,28,0.2,1400,temporalrnn,0.7935714285714286,90,1111,1400,3985,90,0.2787954830614805,1.0,0.8849064117881322
svhn,gru,29,0.1,700,temporalrnn,0.83,88,581,700,4003,90,0.1451411441418935,0.9777777777777776,0.8978488014751075
svhn,gru,29,0.2,1400,temporalrnn,0.805,90,1127,1400,4003,90,0.2815388458656008,1.0,0.89196675900277
svhn,lstm,0,0.1,700,temporalrnn,0.8542857142857143,89,598,700,3892,90,0.1536485097636176,0.9888888888888888,0.9166724078539442
svhn,lstm,0,0.2,1400,temporalrnn,0.8392857142857143,90,1175,1400,3892,90,0.3019013360739979,1.0,0.9126213592233008
svhn,lstm,1,0.1,700,temporalrnn,0.8528571428571429,90,597,700,3893,90,0.1533521705625481,1.0,0.920585967617579
svhn,lstm,1,0.2,1400,temporalrnn,0.8307142857142857,90,1163,1400,3893,90,0.2987413305933727,1.0,0.907530238002341
svhn,lstm,2,0.1,700,temporalrnn,0.8671428571428571,89,607,700,3889,90,0.1560812548212908,0.9888888888888888,0.9240229196955444
svhn,lstm,2,0.2,1400,temporalrnn,0.8385714285714285,90,1174,1400,3889,90,0.3018770892260221,1.0,0.912198912198912
svhn,lstm,3,0.1,700,temporalrnn,0.8142857142857143,89,570,700,3869,90,0.1473248901524942,0.9888888888888888,0.8931338028169015
svhn,lstm,3,0.2,1400,temporalrnn,0.8178571428571428,90,1145,1400,3869,90,0.2959421039028173,1.0,0.899803536345776
svhn,lstm,4,0.1,700,temporalrnn,0.8471428571428572,89,593,700,3862,90,0.1535473847747281,0.9888888888888888,0.9125443070804876
svhn,lstm,4,0.2,1400,temporalrnn,0.815,90,1141,1400,3862,90,0.2954427757638529,1.0,0.8980716253443526
svhn,lstm,5,0.1,700,temporalrnn,0.8342857142857143,90,584,700,3869,90,0.1509433962264151,1.0,0.909657320872274
svhn,lstm,5,0.2,1400,temporalrnn,0.8192857142857143,90,1147,1400,3869,90,0.2964590333419488,1.0,0.9006674519042009
svhn,lstm,6,0.1,700,temporalrnn,0.85,89,595,700,3873,90,0.1536276788019623,0.9888888888888888,0.9141993957703928
svhn,lstm,6,0.2,1400,temporalrnn,0.8307142857142857,90,1163,1400,3873,90,0.300284017557449,1.0,0.907530238002341
svhn,lstm,7,0.1,700,temporalrnn,0.8385714285714285,90,587,700,3936,90,0.1491361788617886,1.0,0.912198912198912
svhn,lstm,7,0.2,1400,temporalrnn,0.8307142857142857,90,1163,1400,3936,90,0.2954776422764227,1.0,0.907530238002341
svhn,lstm,8,0.1,700,temporalrnn,0.8528571428571429,90,597,700,3950,90,0.1511392405063291,1.0,0.920585967617579
svhn,lstm,8,0.2,1400,temporalrnn,0.8264285714285714,90,1157,1400,3950,90,0.2929113924050633,1.0,0.9049667579194368
svhn,lstm,9,0.1,700,temporalrnn,0.8614285714285714,90,603,700,3914,90,0.1540623403168114,1.0,0.9255564082885648
svhn,lstm,9,0.2,1400,temporalrnn,0.8385714285714285,90,1174,1400,3914,90,0.2999489013796627,1.0,0.912198912198912
svhn,lstm,10,0.1,700,temporalrnn,0.8571428571428571,90,600,700,3927,90,0.1527883880825057,1.0,0.923076923076923
svhn,lstm,10,0.2,1400,temporalrnn,0.8314285714285714,90,1164,1400,3927,90,0.2964094728800611,1.0,0.90795631825273
svhn,lstm,11,0.1,700,temporalrnn,0.8614285714285714,90,603,700,3888,90,0.1550925925925926,1.0,0.9255564082885648
svhn,lstm,11,0.2,1400,temporalrnn,0.8257142857142857,90,1156,1400,3888,90,0.2973251028806584,1.0,0.9045383411580596
svhn,lstm,12,0.1,700,temporalrnn,0.8542857142857143,90,598,700,3901,90,0.1532940271725198,1.0,0.921417565485362
svhn,lstm,12,0.2,1400,temporalrnn,0.8271428571428572,90,1158,1400,3901,90,0.2968469623173545,1.0,0.90539483971853
svhn,lstm,13,0.1,700,temporalrnn,0.87,90,609,700,3917,90,0.1554761296910901,1.0,0.9304812834224598
svhn,lstm,13,0.2,1400,temporalrnn,0.8421428571428572,90,1179,1400,3917,90,0.3009956599438346,1.0,0.9143078712679334
svhn,lstm,14,0.1,700,temporalrnn,0.8514285714285714,89,596,700,3917,90,0.1521572632116415,0.9888888888888888,0.9150250129377264
svhn,lstm,14,0.2,1400,temporalrnn,0.8342857142857143,90,1168,1400,3917,90,0.2981873883073781,1.0,0.909657320872274
svhn,lstm,15,0.1,700,temporalrnn,0.8357142857142857,88,585,700,3875,90,0.1509677419354838,0.9777777777777776,0.9011816192560176
svhn,lstm,15,0.2,1400,temporalrnn,0.825,90,1155,1400,3875,90,0.2980645161290322,1.0,0.9041095890410958
svhn,lstm,16,0.1,700,temporalrnn,0.8528571428571429,90,597,700,3870,90,0.1542635658914728,1.0,0.920585967617579
svhn,lstm,16,0.2,1400,temporalrnn,0.825,90,1155,1400,3870,90,0.2984496124031007,1.0,0.9041095890410958
svhn,lstm,17,0.1,700,temporalrnn,0.85,90,595,700,3912,90,0.1520961145194274,1.0,0.9189189189189187
svhn,lstm,17,0.2,1400,temporalrnn,0.8285714285714286,90,1160,1400,3912,90,0.2965235173824131,1.0,0.90625
svhn,lstm,18,0.1,700,temporalrnn,0.8528571428571429,90,597,700,3922,90,0.1522182559918408,1.0,0.920585967617579
svhn,lstm,18,0.2,1400,temporalrnn,0.8285714285714286,90,1160,1400,3922,90,0.2957674655787863,1.0,0.90625
svhn,lstm,19,0.1,700,temporalrnn,0.84,90,588,700,3910,90,0.1503836317135549,1.0,0.9130434782608696
svhn,lstm,19,0.2,1400,temporalrnn,0.8285714285714286,90,1160,1400,3910,90,0.2966751918158568,1.0,0.90625
svhn,lstm,20,0.1,700,temporalrnn,0.8528571428571429,90,597,700,3928,90,0.1519857433808554,1.0,0.920585967617579
svhn,lstm,20,0.2,1400,temporalrnn,0.825,90,1155,1400,3928,90,0.2940427698574338,1.0,0.9041095890410958
svhn,lstm,21,0.1,700,temporalrnn,0.8471428571428572,90,593,700,3870,90,0.1532299741602067,1.0,0.917246713070379
svhn,lstm,21,0.2,1400,temporalrnn,0.8242857142857143,90,1154,1400,3870,90,0.2981912144702842,1.0,0.903680501174628
svhn,lstm,22,0.1,700,temporalrnn,0.8485714285714285,89,594,700,3887,90,0.1528170825829688,0.9888888888888888,0.9133724948168626
svhn,lstm,22,0.2,1400,temporalrnn,0.8135714285714286,90,1139,1400,3887,90,0.2930280421919218,1.0,0.8972036234738087
svhn,lstm,23,0.1,700,temporalrnn,0.8514285714285714,89,596,700,3912,90,0.1523517382413088,0.9888888888888888,0.9150250129377264
svhn,lstm,23,0.2,1400,temporalrnn,0.8292857142857143,90,1161,1400,3912,90,0.2967791411042945,1.0,0.9066770792659118
svhn,lstm,24,0.1,700,temporalrnn,0.8614285714285714,90,603,700,3899,90,0.154655039753783,1.0,0.9255564082885648
svhn,lstm,24,0.2,1400,temporalrnn,0.8292857142857143,90,1161,1400,3899,90,0.297768658630418,1.0,0.9066770792659118
svhn,lstm,25,0.1,700,temporalrnn,0.8485714285714285,89,594,700,3915,90,0.1517241379310344,0.9888888888888888,0.9133724948168626
svhn,lstm,25,0.2,1400,temporalrnn,0.8342857142857143,90,1168,1400,3915,90,0.2983397190293742,1.0,0.909657320872274
svhn,lstm,26,0.1,700,temporalrnn,0.8742857142857143,90,612,700,3928,90,0.1558044806517311,1.0,0.9329268292682928
svhn,lstm,26,0.2,1400,temporalrnn,0.8357142857142857,90,1170,1400,3928,90,0.2978615071283095,1.0,0.9105058365758756
svhn,lstm,27,0.1,700,temporalrnn,0.8571428571428571,89,600,700,3817,90,0.1571915116583704,0.9888888888888888,0.9183147033533964
svhn,lstm,27,0.2,1400,temporalrnn,0.8242857142857143,90,1154,1400,3817,90,0.3023316740895991,1.0,0.903680501174628
svhn,lstm,28,0.1,700,temporalrnn,0.8428571428571429,90,590,700,3857,90,0.152968628467721,1.0,0.9147286821705426
svhn,lstm,28,0.2,1400,temporalrnn,0.8178571428571428,90,1145,1400,3857,90,0.2968628467721027,1.0,0.899803536345776
svhn,lstm,29,0.1,700,temporalrnn,0.8528571428571429,90,597,700,3943,90,0.1514075576971849,1.0,0.920585967617579
svhn,lstm,29,0.2,1400,temporalrnn,0.8307142857142857,90,1163,1400,3943,90,0.2949530814100938,1.0,0.907530238002341
fashion,blstm,0,0.1,600,temporalrnn,0.7933333333333333,75,476,600,2374,82,0.2005054759898905,0.9146341463414634,0.8496763137852247
fashion,blstm,0,0.2,1200,temporalrnn,0.735,79,882,1200,2374,82,0.3715248525695029,0.9634146341463414,0.833847921303942
fashion,blstm,1,0.1,600,temporalrnn,0.7683333333333333,74,461,600,2348,84,0.1963373083475298,0.8809523809523809,0.8207978441845917
fashion,blstm,1,0.2,1200,temporalrnn,0.7058333333333333,80,847,1200,2348,84,0.360732538330494,0.9523809523809524,0.810778471773518
fashion,blstm,2,0.1,600,temporalrnn,0.75,67,450,600,2339,78,0.1923899102180419,0.8589743589743589,0.8007968127490038
fashion,blstm,2,0.2,1200,temporalrnn,0.7166666666666667,73,860,1200,2339,78,0.367678495083369,0.935897435897436,0.8117403672097234
fashion,blstm,3,0.1,600,temporalrnn,0.7683333333333333,75,461,600,2345,82,0.1965884861407249,0.9146341463414634,0.8351247554406898
fashion,blstm,3,0.2,1200,temporalrnn,0.7116666666666667,76,854,1200,2345,82,0.3641791044776119,0.926829268292683,0.8051206986379537
fashion,blstm,4,0.1,600,temporalrnn,0.77,73,462,600,2332,82,0.1981132075471698,0.8902439024390244,0.825767592184516
fashion,blstm,4,0.2,1200,temporalrnn,0.7258333333333333,79,871,1200,2332,82,0.3734991423670669,0.9634146341463414,0.8279168822418211
fashion,blstm,5,0.1,600,temporalrnn,0.7783333333333333,73,467,600,2338,80,0.199743370402053,0.9125,0.8400936421882701
fashion,blstm,5,0.2,1200,temporalrnn,0.7191666666666666,79,863,1200,2338,80,0.3691189050470487,0.9875,0.83223876953125
fashion,blstm,6,0.1,600,temporalrnn,0.7583333333333333,79,455,600,2337,82,0.1946940522036799,0.9634146341463414,0.8486601345767915
fashion,blstm,6,0.2,1200,temporalrnn,0.7225,81,867,1200,2337,82,0.3709884467265725,0.9878048780487804,0.8345752076722878
fashion,blstm,7,0.1,600,temporalrnn,0.7683333333333333,77,461,600,2354,82,0.1958368734069668,0.9390243902439024,0.8451465441299016
fashion,blstm,7,0.2,1200,temporalrnn,0.7175,80,861,1200,2354,82,0.3657604078164825,0.975609756097561,0.8268808297619475
fashion,blstm,8,0.1,600,temporalrnn,0.7816666666666666,74,469,600,2376,82,0.1973905723905724,0.902439024390244,0.8377223683892925
fashion,blstm,8,0.2,1200,temporalrnn,0.7283333333333334,79,874,1200,2376,82,0.3678451178451178,0.9634146341463414,0.8295408126486772
fashion,blstm,9,0.1,600,temporalrnn,0.7816666666666666,77,469,600,2336,83,0.2007705479452055,0.927710843373494,0.848449962996464
fashion,blstm,9,0.2,1200,temporalrnn,0.7158333333333333,80,859,1200,2336,83,0.367722602739726,0.963855421686747,0.8215329623364435
fashion,blstm,10,0.1,600,temporalrnn,0.765,78,459,600,2291,84,0.2003491924923614,0.9285714285714286,0.8388865457612823
fashion,blstm,10,0.2,1200,temporalrnn,0.715,84,858,1200,2291,84,0.3745089480576167,1.0,0.8338192419825073
fashion,blstm,11,0.1,600,temporalrnn,0.7633333333333333,76,458,600,2357,82,0.1943148069579974,0.926829268292683,0.8371735052191063
fashion,blstm,11,0.2,1200,temporalrnn,0.7258333333333333,80,871,1200,2357,82,0.3695375477301654,0.975609756097561,0.8323876193092903
fashion,blstm,12,0.1,600,temporalrnn,0.7616666666666667,73,457,600,2346,80,0.1947996589940324,0.9125,0.830288700846192
fashion,blstm,12,0.2,1200,temporalrnn,0.7283333333333334,77,874,1200,2346,80,0.3725490196078431,0.9625,0.829201577131592
fashion,blstm,13,0.1,600,temporalrnn,0.7633333333333333,73,458,600,2324,80,0.1970740103270223,0.9125,0.8312779711586276
fashion,blstm,13,0.2,1200,temporalrnn,0.7016666666666667,74,842,1200,2324,80,0.3623063683304647,0.925,0.7980020491803279
fashion,blstm,14,0.1,600,temporalrnn,0.7583333333333333,74,455,600,2323,80,0.1958674128282393,0.925,0.8334158415841584
fashion,blstm,14,0.2,1200,temporalrnn,0.7141666666666666,76,857,1200,2323,80,0.3689195006457167,0.95,0.815373059589384
fashion,blstm,15,0.1,600,temporalrnn,0.7983333333333333,73,479,600,2332,83,0.2054030874785591,0.8795180722891566,0.8369615950788085
fashion,blstm,15,0.2,1200,temporalrnn,0.7308333333333333,79,877,1200,2332,83,0.3760720411663807,0.9518072289156626,0.8268105089175434
fashion,blstm,16,0.1,600,temporalrnn,0.7633333333333333,75,458,600,2374,85,0.1929233361415332,0.8823529411764706,0.8185392589062314
fashion,blstm,16,0.2,1200,temporalrnn,0.7191666666666666,80,863,1200,2374,85,0.3635214827295703,0.9411764705882352,0.815328747305955
fashion,blstm,17,0.1,600,temporalrnn,0.775,75,465,600,2329,82,0.1996565049377415,0.9146341463414634,0.8390472753518585
fashion,blstm,17,0.2,1200,temporalrnn,0.7158333333333333,79,859,1200,2329,82,0.3688278231000429,0.9634146341463414,0.8213728077076701
fashion,blstm,18,0.1,600,temporalrnn,0.7666666666666667,74,460,600,2357,80,0.1951633432329232,0.925,0.838423645320197
fashion,blstm,18,0.2,1200,temporalrnn,0.7175,78,861,1200,2357,80,0.3652948663555367,0.975,0.8266617429837518
fashion,blstm,19,0.1,600,temporalrnn,0.7716666666666666,74,463,600,2338,80,0.1980325064157399,0.925,0.8414047151277012
fashion,blstm,19,0.2,1200,temporalrnn,0.6983333333333334,79,838,1200,2338,80,0.358426005132592,0.9875,0.818116658428077
fashion,blstm,20,0.1,600,temporalrnn,0.7483333333333333,76,449,600,2361,83,0.1901736552308344,0.9156626506024096,0.8235847804312934
fashion,blstm,20,0.2,1200,temporalrnn,0.7191666666666666,81,863,1200,2361,83,0.3655230834392207,0.9759036144578314,0.8280923301091637
fashion,blstm,21,0.1,600,temporalrnn,0.7816666666666666,74,469,600,2354,82,0.1992353440951571,0.902439024390244,0.8377223683892925
fashion,blstm,21,0.2,1200,temporalrnn,0.7316666666666667,80,878,1200,2354,82,0.372982158028887,0.975609756097561,0.8362103859615706
fashion,blstm,22,0.1,600,temporalrnn,0.7716666666666666,77,463,600,2323,85,0.1993112354713732,0.9058823529411764,0.8334054117234527
fashion,blstm,22,0.2,1200,temporalrnn,0.7191666666666666,84,863,1200,2323,85,0.3715023676280671,0.9882352941176472,0.8324997846745714
fashion,blstm,23,0.1,600,temporalrnn,0.76,74,456,600,2350,83,0.1940425531914893,0.891566265060241,0.8205427487598482
fashion,blstm,23,0.2,1200,temporalrnn,0.7041666666666667,79,845,1200,2350,83,0.3595744680851064,0.9518072289156626,0.8094703974292903
fashion,blstm,24,0.1,600,temporalrnn,0.7533333333333333,72,452,600,2345,83,0.1927505330490405,0.8674698795180723,0.8063828732841073
fashion,blstm,24,0.2,1200,temporalrnn,0.7133333333333334,80,856,1200,2345,83,0.3650319829424307,0.963855421686747,0.8198841051673771
fashion,blstm,25,0.1,600,temporalrnn,0.77,75,462,600,2341,83,0.1973515591627509,0.9036144578313252,0.8314736160103663
fashion,blstm,25,0.2,1200,temporalrnn,0.7325,79,879,1200,2341,83,0.3754805638615976,0.9518072289156626,0.8278760349791663
fashion,blstm,26,0.1,600,temporalrnn,0.7666666666666667,75,460,600,2326,82,0.1977644024075666,0.9146341463414634,0.8341392649903289
fashion,blstm,26,0.2,1200,temporalrnn,0.72,80,864,1200,2326,82,0.3714531384350817,0.975609756097561,0.8285385500575374
fashion,blstm,27,0.1,600,temporalrnn,0.7666666666666667,74,460,600,2296,83,0.2003484320557491,0.891566265060241,0.8244126907241464
fashion,blstm,27,0.2,1200,temporalrnn,0.7133333333333334,77,856,1200,2296,83,0.3728222996515679,0.927710843373494,0.8065195046742695
fashion,blstm,28,0.1,600,temporalrnn,0.7983333333333333,76,479,600,2360,84,0.2029661016949152,0.9047619047619048,0.8482221911552263
fashion,blstm,28,0.2,1200,temporalrnn,0.73,80,876,1200,2360,84,0.3711864406779661,0.9523809523809524,0.8264930653835267
fashion,blstm,29,0.1,600,temporalrnn,0.7766666666666666,76,466,600,2349,80,0.1983822903363133,0.95,0.8546332046332046
fashion,blstm,29,0.2,1200,temporalrnn,0.7225,78,867,1200,2349,80,0.3690932311621966,0.975,0.8299705449189986
fashion,gru,0,0.1,600,temporalrnn,0.8033333333333333,79,482,600,2319,84,0.2078482104355325,0.9404761904761904,0.8665119242672491
fashion,gru,0,0.2,1200,temporalrnn,0.7325,81,879,1200,2319,84,0.3790426908150064,0.9642857142857144,0.8325615659861082
fashion,gru,1,0.1,600,temporalrnn,0.7133333333333334,80,428,600,2241,85,0.1909861668897813,0.9411764705882352,0.8115667219720313
fashion,gru,1,0.2,1200,temporalrnn,0.6675,82,801,1200,2241,85,0.357429718875502,0.9647058823529412,0.7890440580232453
fashion,gru,2,0.1,600,temporalrnn,0.7466666666666667,75,448,600,2257,81,0.1984935755427558,0.925925925925926,0.826690286389135
fashion,gru,2,0.2,1200,temporalrnn,0.6966666666666667,80,836,1200,2257,81,0.3704031900753212,0.9876543209876544,0.8170246035818123
fashion,gru,3,0.1,600,temporalrnn,0.7533333333333333,79,452,600,2292,86,0.1972076788830715,0.9186046511627908,0.8278004451038574
fashion,gru,3,0.2,1200,temporalrnn,0.7041666666666667,82,845,1200,2292,86,0.3686736474694589,0.9534883720930232,0.8100777459519495
fashion,gru,4,0.1,600,temporalrnn,0.75,74,450,600,2278,83,0.1975417032484635,0.891566265060241,0.8146788990825689
fashion,gru,4,0.2,1200,temporalrnn,0.6958333333333333,79,835,1200,2278,83,0.3665496049165935,0.9518072289156626,0.8039365040675178
fashion,gru,5,0.1,600,temporalrnn,0.75,76,450,600,2280,83,0.1973684210526315,0.9156626506024096,0.8245931283905968
fashion,gru,5,0.2,1200,temporalrnn,0.6841666666666667,81,821,1200,2280,83,0.3600877192982456,0.9759036144578314,0.8044005491614402
fashion,gru,6,0.1,600,temporalrnn,0.775,80,465,600,2283,85,0.2036793692509855,0.9411764705882352,0.8500428449014567
fashion,gru,6,0.2,1200,temporalrnn,0.7216666666666667,84,866,1200,2283,85,0.3793254489706526,0.9882352941176472,0.8341723525027235
fashion,gru,7,0.1,600,temporalrnn,0.7666666666666667,75,460,600,2323,82,0.198019801980198,0.9146341463414634,0.8341392649903289
fashion,gru,7,0.2,1200,temporalrnn,0.705,77,846,1200,2323,82,0.3641842445114077,0.9390243902439024,0.8053556857799866
fashion,gru,8,0.1,600,temporalrnn,0.7433333333333333,77,446,600,2329,85,0.1914984972091026,0.9058823529411764,0.8165973130424444
fashion,gru,8,0.2,1200,temporalrnn,0.7208333333333333,81,865,1200,2329,85,0.3714040360669815,0.9529411764705882,0.8207936740371943
fashion,gru,9,0.1,600,temporalrnn,0.735,73,441,600,2280,81,0.1934210526315789,0.9012345679012346,0.8096729165880712
fashion,gru,9,0.2,1200,temporalrnn,0.6991666666666667,78,839,1200,2280,81,0.3679824561403508,0.9629629629629628,0.8101312833082652
fashion,gru,10,0.1,600,temporalrnn,0.735,78,441,600,2213,82,0.1992769995481247,0.951219512195122,0.829247125189846
fashion,gru,10,0.2,1200,temporalrnn,0.6841666666666667,79,821,1200,2213,82,0.3709896068685043,0.9634146341463414,0.8001258311641851
fashion,gru,11,0.1,600,temporalrnn,0.755,79,453,600,2279,83,0.1987713909609477,0.9518072289156626,0.8420569653760632
fashion,gru,11,0.2,1200,temporalrnn,0.6966666666666667,81,836,1200,2279,83,0.3668275559455902,0.9759036144578314,0.8129757245419839
fashion,gru,12,0.1,600,temporalrnn,0.755,74,453,600,2342,83,0.1934244235695986,0.891566265060241,0.8176197270698423
fashion,gru,12,0.2,1200,temporalrnn,0.7175,82,861,1200,2342,83,0.3676345004269855,0.9879518072289156,0.8312816799420709
fashion,gru,13,0.1,600,temporalrnn,0.7466666666666667,78,448,600,2272,80,0.1971830985915492,0.975,0.8456921587608905
fashion,gru,13,0.2,1200,temporalrnn,0.69,78,828,1200,2272,80,0.3644366197183099,0.975,0.8081081081081081
fashion,gru,14,0.1,600,temporalrnn,0.765,79,459,600,2290,82,0.2004366812227074,0.9634146341463414,0.8528187398574754
fashion,gru,14,0.2,1200,temporalrnn,0.7175,79,861,1200,2290,82,0.3759825327510917,0.9634146341463414,0.8224688939674248
fashion,gru,15,0.1,600,temporalrnn,0.7416666666666667,72,445,600,2297,80,0.1937309534175011,0.9,0.8131979695431474
fashion,gru,15,0.2,1200,temporalrnn,0.7083333333333334,79,850,1200,2297,80,0.370047888550283,0.9875,0.824938574938575
fashion,gru,16,0.1,600,temporalrnn,0.7516666666666667,80,451,600,2298,84,0.1962576153176675,0.9523809523809524,0.8402030645987612
fashion,gru,16,0.2,1200,temporalrnn,0.7133333333333334,83,856,1200,2298,84,0.3724978241949521,0.988095238095238,0.8285287806698387
fashion,gru,17,0.1,600,temporalrnn,0.7683333333333333,75,461,600,2266,82,0.203442188879082,0.9146341463414634,0.8351247554406898
fashion,gru,17,0.2,1200,temporalrnn,0.7,80,840,1200,2266,82,0.3706972639011474,0.975609756097561,0.8151382823871907
fashion,gru,18,0.1,600,temporalrnn,0.7516666666666667,76,451,600,2317,83,0.1946482520500647,0.9156626506024096,0.8255994604554815
fashion,gru,18,0.2,1200,temporalrnn,0.7166666666666667,82,860,1200,2317,83,0.3711696158826068,0.9879518072289156,0.8307221109671339
fashion,gru,19,0.1,600,temporalrnn,0.77,77,462,600,2295,79,0.2013071895424836,0.9746835443037974,0.8603351955307262
fashion,gru,19,0.2,1200,temporalrnn,0.7208333333333333,77,865,1200,2295,79,0.3769063180827887,0.9746835443037974,0.8287554048589292
fashion,gru,20,0.1,600,temporalrnn,0.74,76,444,600,2305,84,0.1926247288503254,0.9047619047619048,0.814128546612623
fashion,gru,20,0.2,1200,temporalrnn,0.7008333333333333,84,841,1200,2305,84,0.3648590021691974,1.0,0.8241058304752573
fashion,gru,21,0.1,600,temporalrnn,0.745,77,447,600,2273,84,0.1966564012318521,0.9166666666666666,0.8219658976930792
fashion,gru,21,0.2,1200,temporalrnn,0.6966666666666667,82,836,1200,2273,84,0.3677958644962604,0.9761904761904762,0.8130752443305816
fashion,gru,22,0.1,600,temporalrnn,0.75,76,450,600,2280,84,0.1973684210526315,0.9047619047619048,0.8201438848920864
fashion,gru,22,0.2,1200,temporalrnn,0.7116666666666667,80,854,1200,2280,84,0.3745614035087719,0.9523809523809524,0.8146134401678828
fashion,gru,23,0.1,600,temporalrnn,0.7366666666666667,79,442,600,2257,84,0.1958351794417368,0.9404761904761904,0.8261877720991861
fashion,gru,23,0.2,1200,temporalrnn,0.7,81,840,1200,2257,84,0.3721754541426673,0.9642857142857144,0.8111587982832618
fashion,gru,24,0.1,600,temporalrnn,0.7366666666666667,76,442,600,2275,82,0.1942857142857142,0.926829268292683,0.820878744929378
fashion,gru,24,0.2,1200,temporalrnn,0.6958333333333333,78,835,1200,2275,82,0.367032967032967,0.951219512195122,0.8037267847226507
fashion,gru,25,0.1,600,temporalrnn,0.7683333333333333,75,461,600,2286,82,0.2016622922134733,0.9146341463414634,0.8351247554406898
fashion,gru,25,0.2,1200,temporalrnn,0.7258333333333333,79,871,1200,2286,82,0.3810148731408574,0.9634146341463414,0.8279168822418211
fashion,gru,26,0.1,600,temporalrnn,0.7466666666666667,76,448,600,2272,85,0.1971830985915492,0.8941176470588236,0.8137667304015297
fashion,gru,26,0.2,1200,temporalrnn,0.7033333333333334,80,844,1200,2272,85,0.3714788732394366,0.9411764705882352,0.8050554429474186
fashion,gru,27,0.1,600,temporalrnn,0.75,76,450,600,2237,81,0.2011622708985248,0.9382716049382716,0.8336380255941499
fashion,gru,27,0.2,1200,temporalrnn,0.7091666666666666,77,851,1200,2237,81,0.3804202056325436,0.9506172839506172,0.8123299303915552
fashion,gru,28,0.1,600,temporalrnn,0.7166666666666667,75,430,600,2294,81,0.1874455100261552,0.925925925925926,0.8079669297256671
fashion,gru,28,0.2,1200,temporalrnn,0.6991666666666667,77,839,1200,2294,81,0.3657367044463818,0.9506172839506172,0.8057296441110259
fashion,gru,29,0.1,600,temporalrnn,0.7516666666666667,77,451,600,2305,85,0.1956616052060737,0.9058823529411764,0.8216005204944697
fashion,gru,29,0.2,1200,temporalrnn,0.7008333333333333,82,841,1200,2305,85,0.3648590021691974,0.9647058823529412,0.8118668511051593
fashion,lstm,0,0.1,600,temporalrnn,0.7916666666666666,70,475,600,2326,82,0.204213241616509,0.8536585365853658,0.8214947498455837
fashion,lstm,0,0.2,1200,temporalrnn,0.7591666666666667,79,911,1200,2326,82,0.3916595012897678,0.9634146341463414,0.8491817205696687
fashion,lstm,1,0.1,600,temporalrnn,0.7616666666666667,81,457,600,2271,84,0.2012329370321444,0.9642857142857144,0.8510829079873086
fashion,lstm,1,0.2,1200,temporalrnn,0.72,84,864,1200,2271,84,0.380449141347424,1.0,0.8372093023255813
fashion,lstm,2,0.1,600,temporalrnn,0.7483333333333333,74,449,600,2250,81,0.1995555555555555,0.9135802469135802,0.8227413983087571
fashion,lstm,2,0.2,1200,temporalrnn,0.7358333333333333,79,883,1200,2250,81,0.3924444444444444,0.9753086419753086,0.8388136337127157
fashion,lstm,3,0.1,600,temporalrnn,0.7566666666666667,75,454,600,2272,84,0.1998239436619718,0.8928571428571429,0.8191397228637414
fashion,lstm,3,0.2,1200,temporalrnn,0.725,82,870,1200,2272,84,0.3829225352112676,0.9761904761904762,0.8320503848845345
fashion,lstm,4,0.1,600,temporalrnn,0.7783333333333333,77,467,600,2292,83,0.2037521815008726,0.927710843373494,0.8464825037370087
fashion,lstm,4,0.2,1200,temporalrnn,0.7283333333333334,82,874,1200,2292,83,0.381326352530541,0.9879518072289156,0.8385066279790806
fashion,lstm,5,0.1,600,temporalrnn,0.7716666666666666,76,463,600,2314,82,0.200086430423509,0.926829268292683,0.8421606873608884
fashion,lstm,5,0.2,1200,temporalrnn,0.7308333333333333,81,877,1200,2314,82,0.3789974070872947,0.9878048780487804,0.8401078562389866
fashion,lstm,6,0.1,600,temporalrnn,0.7666666666666667,75,460,600,2288,83,0.201048951048951,0.9036144578313252,0.8295263284443376
fashion,lstm,6,0.2,1200,temporalrnn,0.7375,79,885,1200,2288,83,0.3868006993006993,0.9518072289156626,0.8310599982169921
fashion,lstm,7,0.1,600,temporalrnn,0.78,78,468,600,2319,83,0.2018111254851229,0.9397590361445785,0.8524590163934427
fashion,lstm,7,0.2,1200,temporalrnn,0.7291666666666666,79,875,1200,2319,83,0.3773178094006037,0.9518072289156626,0.8257428699417649
fashion,lstm,8,0.1,600,temporalrnn,0.8033333333333333,75,482,600,2342,79,0.2058070025619129,0.9493670886075948,0.8702664965454151
fashion,lstm,8,0.2,1200,temporalrnn,0.7483333333333333,79,898,1200,2342,79,0.3834329632792485,1.0,0.8560533841754051
fashion,lstm,9,0.1,600,temporalrnn,0.775,76,465,600,2294,82,0.2027027027027027,0.926829268292683,0.8441418846291653
fashion,lstm,9,0.2,1200,temporalrnn,0.7466666666666667,81,896,1200,2294,82,0.3905841325196164,0.9878048780487804,0.8504734227055405
fashion,lstm,10,0.1,600,temporalrnn,0.7866666666666666,77,472,600,2260,81,0.2088495575221239,0.9506172839506172,0.8609058176994504
fashion,lstm,10,0.2,1200,temporalrnn,0.7308333333333333,81,877,1200,2260,81,0.3880530973451327,1.0,0.8444872412132883
fashion,lstm,11,0.1,600,temporalrnn,0.74,77,444,600,2282,84,0.1945661700262927,0.9166666666666666,0.8189134808853119
fashion,lstm,11,0.2,1200,temporalrnn,0.7108333333333333,81,853,1200,2282,84,0.373794916739702,0.9642857142857144,0.8183853315329401
fashion,lstm,12,0.1,600,temporalrnn,0.755,75,453,600,2324,79,0.1949225473321859,0.9493670886075948,0.8411006721378439
fashion,lstm,12,0.2,1200,temporalrnn,0.7308333333333333,78,877,1200,2324,79,0.3773666092943201,0.9873417721518988,0.8399403252641466
fashion,lstm,13,0.1,600,temporalrnn,0.78,79,468,600,2314,83,0.2022471910112359,0.9518072289156626,0.857381383052734
fashion,lstm,13,0.2,1200,temporalrnn,0.7333333333333333,81,880,1200,2314,83,0.3802938634399309,0.9759036144578314,0.837406015037594
fashion,lstm,14,0.1,600,temporalrnn,0.7816666666666666,79,469,600,2286,83,0.205161854768154,0.9518072289156626,0.8583872948208555
fashion,lstm,14,0.2,1200,temporalrnn,0.7375,81,885,1200,2286,83,0.3871391076115485,0.9759036144578314,0.8401160235562979
fashion,lstm,15,0.1,600,temporalrnn,0.77,75,462,600,2318,82,0.1993097497842968,0.9146341463414634,0.8361082959316637
fashion,lstm,15,0.2,1200,temporalrnn,0.7325,82,879,1200,2318,82,0.3792062122519413,1.0,0.8455988455988457
fashion,lstm,16,0.1,600,temporalrnn,0.7716666666666666,76,463,600,2354,82,0.1966864910790144,0.926829268292683,0.8421606873608884
fashion,lstm,16,0.2,1200,temporalrnn,0.7458333333333333,80,895,1200,2354,82,0.3802039082412914,0.975609756097561,0.8453863864454809
fashion,lstm,17,0.1,600,temporalrnn,0.8,80,480,600,2285,84,0.2100656455142232,0.9523809523809524,0.8695652173913043
fashion,lstm,17,0.2,1200,temporalrnn,0.7366666666666667,83,884,1200,2285,84,0.386870897155361,0.988095238095238,0.8440548499907969
fashion,lstm,18,0.1,600,temporalrnn,0.765,77,459,600,2308,85,0.1988734835355285,0.9058823529411764,0.8295018482661504
fashion,lstm,18,0.2,1200,temporalrnn,0.7408333333333333,82,889,1200,2308,85,0.3851819757365685,0.9647058823529412,0.8380766246083983
fashion,lstm,19,0.1,600,temporalrnn,0.8066666666666666,78,484,600,2306,84,0.209887250650477,0.9285714285714286,0.8633369923161361
fashion,lstm,19,0.2,1200,temporalrnn,0.755,81,906,1200,2306,84,0.3928881179531656,0.9642857142857144,0.8469048608226009
fashion,lstm,20,0.1,600,temporalrnn,0.775,79,465,600,2308,85,0.2014731369150779,0.9294117647058824,0.8452113891285591
fashion,lstm,20,0.2,1200,temporalrnn,0.7333333333333333,84,880,1200,2308,85,0.3812824956672443,0.9882352941176472,0.8419134396355353
fashion,lstm,21,0.1,600,temporalrnn,0.795,78,477,600,2282,84,0.2090271691498685,0.9285714285714286,0.8566100290095318
fashion,lstm,21,0.2,1200,temporalrnn,0.7383333333333333,82,886,1200,2282,84,0.3882559158632778,0.9761904761904762,0.8407628570106003
fashion,lstm,22,0.1,600,temporalrnn,0.7766666666666666,79,466,600,2325,84,0.2004301075268817,0.9404761904761904,0.8507579959327046
fashion,lstm,22,0.2,1200,temporalrnn,0.7408333333333333,81,889,1200,2325,84,0.3823655913978495,0.9642857142857144,0.8379180339314389
fashion,lstm,23,0.1,600,temporalrnn,0.7583333333333333,76,455,600,2305,83,0.1973969631236442,0.9156626506024096,0.829604750194926
fashion,lstm,23,0.2,1200,temporalrnn,0.7383333333333333,80,886,1200,2305,83,0.3843817787418655,0.963855421686747,0.8361547263740282
fashion,lstm,24,0.1,600,temporalrnn,0.7566666666666667,78,454,600,2273,85,0.1997360316761988,0.9176470588235294,0.829417964632861
fashion,lstm,24,0.2,1200,temporalrnn,0.7216666666666667,85,866,1200,2273,85,0.3809942806863176,1.0,0.8383349467570184
fashion,lstm,25,0.1,600,temporalrnn,0.785,78,471,600,2276,85,0.2069420035149385,0.9176470588235294,0.8461565037139402
fashion,lstm,25,0.2,1200,temporalrnn,0.7475,84,897,1200,2276,85,0.3941124780316344,0.9882352941176472,0.8511734304837753
fashion,lstm,26,0.1,600,temporalrnn,0.7316666666666667,76,439,600,2274,83,0.193051890941073,0.9156626506024096,0.8133890805368309
fashion,lstm,26,0.2,1200,temporalrnn,0.7058333333333333,82,847,1200,2274,83,0.372471416007036,0.9879518072289156,0.823397608787144
fashion,lstm,27,0.1,600,temporalrnn,0.7616666666666667,76,457,600,2246,81,0.2034728406055209,0.9382716049382716,0.8407954779282715
fashion,lstm,27,0.2,1200,temporalrnn,0.7241666666666666,80,869,1200,2246,81,0.3869100623330365,0.9876543209876544,0.8356321631838642
fashion,lstm,28,0.1,600,temporalrnn,0.7666666666666667,77,460,600,2306,82,0.199479618386817,0.9390243902439024,0.8441372735938991
fashion,lstm,28,0.2,1200,temporalrnn,0.7433333333333333,80,892,1200,2306,82,0.3868169991326973,0.975609756097561,0.8437780825805231
fashion,lstm,29,0.1,600,temporalrnn,0.7933333333333333,73,476,600,2308,84,0.2062391681109185,0.8690476190476191,0.8294662465387185
fashion,lstm,29,0.2,1200,temporalrnn,0.745,80,894,1200,2308,84,0.3873483535528596,0.9523809523809524,0.8360218824519567
mnist,blstm,0,0.1,600,temporalrnn,0.805,87,483,600,2164,89,0.2231977818853974,0.9775280898876404,0.8829146837278199
mnist,blstm,0,0.2,1200,temporalrnn,0.7558333333333334,88,907,1200,2164,89,0.4191312384473197,0.9887640449438202,0.8567487642427397
mnist,blstm,1,0.1,600,temporalrnn,0.8266666666666667,87,496,600,2170,89,0.2285714285714285,0.9775280898876404,0.8957900855268621
mnist,blstm,1,0.2,1200,temporalrnn,0.78,88,936,1200,2170,89,0.4313364055299539,0.9887640449438202,0.8720619997459027
mnist,blstm,2,0.1,600,temporalrnn,0.825,87,495,600,2122,90,0.2332704995287464,0.9666666666666668,0.890232558139535
mnist,blstm,2,0.2,1200,temporalrnn,0.7583333333333333,90,910,1200,2122,90,0.4288407163053723,1.0,0.8625592417061612
mnist,blstm,3,0.1,600,temporalrnn,0.805,86,483,600,2122,89,0.2276154571159283,0.9662921348314608,0.8783025151447874
mnist,blstm,3,0.2,1200,temporalrnn,0.765,89,918,1200,2122,89,0.4326107445805843,1.0,0.8668555240793201
mnist,blstm,4,0.1,600,temporalrnn,0.78,87,468,600,2152,89,0.2174721189591078,0.9775280898876404,0.8676639815880322
mnist,blstm,4,0.2,1200,temporalrnn,0.765,89,918,1200,2152,89,0.4265799256505576,1.0,0.8668555240793201
mnist,blstm,5,0.1,600,temporalrnn,0.8066666666666666,86,484,600,2142,90,0.2259570494864612,0.9555555555555556,0.8748213535098781
mnist,blstm,5,0.2,1200,temporalrnn,0.7708333333333334,90,925,1200,2142,90,0.4318394024276377,1.0,0.8705882352941177
mnist,blstm,6,0.1,600,temporalrnn,0.7883333333333333,89,473,600,2143,90,0.2207186187587494,0.9888888888888888,0.8772949880170887
mnist,blstm,6,0.2,1200,temporalrnn,0.7633333333333333,90,916,1200,2143,90,0.427438170788614,1.0,0.8657844990548205
mnist,blstm,7,0.1,600,temporalrnn,0.81,87,486,600,2142,89,0.226890756302521,0.9775280898876404,0.8859136337921931
mnist,blstm,7,0.2,1200,temporalrnn,0.7716666666666666,88,926,1200,2142,89,0.4323062558356676,0.9887640449438202,0.8668290659206228
mnist,blstm,8,0.1,600,temporalrnn,0.8266666666666667,88,496,600,2196,90,0.2258652094717668,0.9777777777777776,0.8958949096880131
mnist,blstm,8,0.2,1200,temporalrnn,0.8025,90,963,1200,2196,90,0.4385245901639344,1.0,0.8904299583911235
mnist,blstm,9,0.1,600,temporalrnn,0.795,89,477,600,2127,90,0.2242595204513399,0.9888888888888888,0.8814076611647463
mnist,blstm,9,0.2,1200,temporalrnn,0.7475,90,897,1200,2127,90,0.4217207334273625,1.0,0.8555078683834049
mnist,blstm,10,0.1,600,temporalrnn,0.8016666666666666,85,481,600,2115,88,0.2274231678486997,0.9659090909090908,0.8761572089833705
mnist,blstm,10,0.2,1200,temporalrnn,0.7541666666666667,88,905,1200,2115,88,0.4278959810874704,1.0,0.8598574821852731
mnist,blstm,11,0.1,600,temporalrnn,0.8083333333333333,87,485,600,2135,90,0.2271662763466042,0.9666666666666668,0.8804381846635368
mnist,blstm,11,0.2,1200,temporalrnn,0.77,89,924,1200,2135,90,0.4327868852459016,0.9888888888888888,0.8658243840808592
mnist,blstm,12,0.1,600,temporalrnn,0.8266666666666667,88,496,600,2142,90,0.2315592903828198,0.9777777777777776,0.8958949096880131
mnist,blstm,12,0.2,1200,temporalrnn,0.77,90,924,1200,2142,90,0.4313725490196078,1.0,0.8700564971751412
mnist,blstm,13,0.1,600,temporalrnn,0.7983333333333333,87,479,600,2148,89,0.222998137802607,0.9775280898876404,0.8788898145121321
mnist,blstm,13,0.2,1200,temporalrnn,0.7658333333333334,89,919,1200,2148,89,0.4278398510242086,1.0,0.8673902784332232
mnist,blstm,14,0.1,600,temporalrnn,0.8116666666666666,87,487,600,2136,88,0.2279962546816479,0.9886363636363636,0.8914534590136342
mnist,blstm,14,0.2,1200,temporalrnn,0.7641666666666667,88,917,1200,2136,88,0.4293071161048689,1.0,0.8663202645252716
mnist,blstm,15,0.1,600,temporalrnn,0.8116666666666666,87,487,600,2174,89,0.2240110395584176,0.9775280898876404,0.8869095590467119
mnist,blstm,15,0.2,1200,temporalrnn,0.7816666666666666,89,938,1200,2174,89,0.4314627414903403,1.0,0.8774555659494854
mnist,blstm,16,0.1,600,temporalrnn,0.8316666666666667,87,499,600,2176,90,0.2293198529411764,0.9666666666666668,0.8940994748223664
mnist,blstm,16,0.2,1200,temporalrnn,0.7808333333333334,90,937,1200,2176,90,0.4306066176470588,1.0,0.8769302760879739
mnist,blstm,17,0.1,600,temporalrnn,0.795,88,477,600,2122,89,0.2247879359095193,0.9887640449438202,0.8813580674624422
mnist,blstm,17,0.2,1200,temporalrnn,0.77,89,924,1200,2122,89,0.4354382657869934,1.0,0.8700564971751412
mnist,blstm,18,0.1,600,temporalrnn,0.8116666666666666,87,487,600,2153,88,0.2261960055736182,0.9886363636363636,0.8914534590136342
mnist,blstm,18,0.2,1200,temporalrnn,0.7691666666666667,88,923,1200,2153,88,0.4287041337668369,1.0,0.8695242581252944
mnist,blstm,19,0.1,600,temporalrnn,0.83,87,498,600,2217,90,0.2246278755074424,0.9666666666666668,0.8931354359925788
mnist,blstm,19,0.2,1200,temporalrnn,0.7858333333333334,90,943,1200,2217,90,0.4253495714930085,1.0,0.8800746616892208
mnist,blstm,20,0.1,600,temporalrnn,0.8283333333333334,88,497,600,2138,90,0.2324602432179607,0.9777777777777776,0.8968727571003794
mnist,blstm,20,0.2,1200,temporalrnn,0.7766666666666666,90,932,1200,2138,90,0.4359214218896164,1.0,0.874296435272045
mnist,blstm,21,0.1,600,temporalrnn,0.8116666666666666,88,487,600,2179,89,0.2234970169802661,0.9887640449438202,0.8915053618048115
mnist,blstm,21,0.2,1200,temporalrnn,0.7675,89,921,1200,2179,89,0.4226709499770537,1.0,0.8684582743988684
mnist,blstm,22,0.1,600,temporalrnn,0.7983333333333333,87,479,600,2172,90,0.2205340699815837,0.9666666666666668,0.8744727730563424
mnist,blstm,22,0.2,1200,temporalrnn,0.77,90,924,1200,2172,90,0.425414364640884,1.0,0.8700564971751412
mnist,blstm,23,0.1,600,temporalrnn,0.8233333333333334,87,494,600,2151,90,0.2296606229660623,0.9666666666666668,0.8892613283674736
mnist,blstm,23,0.2,1200,temporalrnn,0.7791666666666667,89,935,1200,2151,90,0.4346815434681543,0.9888888888888888,0.8715894213144801
mnist,blstm,24,0.1,600,temporalrnn,0.8383333333333334,88,503,600,2187,90,0.2299954275262917,0.9777777777777776,0.9027021515244212
mnist,blstm,24,0.2,1200,temporalrnn,0.7883333333333333,90,946,1200,2187,90,0.4325560128029264,1.0,0.8816402609506058
mnist,blstm,25,0.1,600,temporalrnn,0.79,86,474,600,2142,88,0.2212885154061624,0.9772727272727272,0.8737139917695473
mnist,blstm,25,0.2,1200,temporalrnn,0.7591666666666667,88,911,1200,2142,88,0.4253034547152194,1.0,0.8630980577925154
mnist,blstm,26,0.1,600,temporalrnn,0.8133333333333334,87,488,600,2154,88,0.2265552460538533,0.9886363636363636,0.8924577482552762
mnist,blstm,26,0.2,1200,temporalrnn,0.7708333333333334,88,925,1200,2154,88,0.4294336118848653,1.0,0.8705882352941177
mnist,blstm,27,0.1,600,temporalrnn,0.8216666666666667,88,493,600,2181,89,0.2260430994956442,0.9887640449438202,0.8975040599108371
mnist,blstm,27,0.2,1200,temporalrnn,0.7916666666666666,89,950,1200,2181,89,0.4355800091701055,1.0,0.8837209302325582
mnist,blstm,28,0.1,600,temporalrnn,0.795,88,477,600,2143,89,0.2225851609892674,0.9887640449438202,0.8813580674624422
mnist,blstm,28,0.2,1200,temporalrnn,0.7616666666666667,89,914,1200,2143,89,0.4265048996733551,1.0,0.8647114474929045
mnist,blstm,29,0.1,600,temporalrnn,0.8166666666666667,87,490,600,2162,89,0.2266419981498612,0.9775280898876404,0.8898862331698152
mnist,blstm,29,0.2,1200,temporalrnn,0.7766666666666666,88,932,1200,2162,89,0.4310823311748381,0.9887640449438202,0.8699747544391878
mnist,gru,0,0.1,600,temporalrnn,0.84,86,504,600,2149,90,0.2345276872964169,0.9555555555555556,0.8940594059405941
mnist,gru,0,0.2,1200,temporalrnn,0.785,90,942,1200,2149,90,0.4383434155421126,1.0,0.8795518207282913
mnist,gru,1,0.1,600,temporalrnn,0.8116666666666666,87,487,600,2130,89,0.2286384976525821,0.9775280898876404,0.8869095590467119
mnist,gru,1,0.2,1200,temporalrnn,0.7591666666666667,89,911,1200,2130,89,0.4276995305164319,1.0,0.8630980577925154
mnist,gru,2,0.1,600,temporalrnn,0.8283333333333334,87,497,600,2114,90,0.2350993377483443,0.9666666666666668,0.8921696069328382
mnist,gru,2,0.2,1200,temporalrnn,0.7675,90,921,1200,2114,90,0.4356669820245979,1.0,0.8684582743988684
mnist,gru,3,0.1,600,temporalrnn,0.81,89,486,600,2101,90,0.2313184198000951,0.9888888888888888,0.8905497220506485
mnist,gru,3,0.2,1200,temporalrnn,0.7608333333333334,90,913,1200,2101,90,0.4345549738219895,1.0,0.8641741599621392
mnist,gru,4,0.1,600,temporalrnn,0.7966666666666666,90,478,600,2144,90,0.2229477611940298,1.0,0.8868274582560297
mnist,gru,4,0.2,1200,temporalrnn,0.7591666666666667,90,911,1200,2144,90,0.4249067164179104,1.0,0.8630980577925154
mnist,gru,5,0.1,600,temporalrnn,0.8,90,480,600,2098,90,0.2287893231649189,1.0,0.888888888888889
mnist,gru,5,0.2,1200,temporalrnn,0.7625,90,915,1200,2098,90,0.4361296472831268,1.0,0.8652482269503545
mnist,gru,6,0.1,600,temporalrnn,0.8016666666666666,86,481,600,2125,89,0.2263529411764706,0.9662921348314608,0.8763147581268735
mnist,gru,6,0.2,1200,temporalrnn,0.7608333333333334,88,913,1200,2125,89,0.4296470588235294,0.9887640449438202,0.8599517277918408
mnist,gru,7,0.1,600,temporalrnn,0.8,89,480,600,2128,90,0.225563909774436,0.9888888888888888,0.884472049689441
mnist,gru,7,0.2,1200,temporalrnn,0.7566666666666667,90,908,1200,2128,90,0.4266917293233083,1.0,0.8614800759013282
mnist,gru,8,0.1,600,temporalrnn,0.83,90,498,600,2169,90,0.2295988934993084,1.0,0.907103825136612
mnist,gru,8,0.2,1200,temporalrnn,0.7891666666666667,90,947,1200,2169,90,0.4366067312125403,1.0,0.8821611551001398
mnist,gru,9,0.1,600,temporalrnn,0.81,89,486,600,2106,90,0.2307692307692307,0.9888888888888888,0.8905497220506485
mnist,gru,9,0.2,1200,temporalrnn,0.7525,89,903,1200,2106,90,0.4287749287749288,0.9888888888888888,0.8546498644121869
mnist,gru,10,0.1,600,temporalrnn,0.8033333333333333,89,482,600,2089,90,0.2307324078506462,0.9888888888888888,0.8865054763380864
mnist,gru,10,0.2,1200,temporalrnn,0.7533333333333333,90,904,1200,2089,90,0.4327429392053614,1.0,0.8593155893536121
mnist,gru,11,0.1,600,temporalrnn,0.8033333333333333,88,482,600,2054,89,0.234664070107108,0.9887640449438202,0.8864553073209471
mnist,gru,11,0.2,1200,temporalrnn,0.7533333333333333,89,904,1200,2054,89,0.4401168451801363,1.0,0.8593155893536121
mnist,gru,12,0.1,600,temporalrnn,0.7966666666666666,87,478,600,2139,89,0.2234689107059373,0.9775280898876404,0.8778788710392433
mnist,gru,12,0.2,1200,temporalrnn,0.7683333333333333,89,922,1200,2139,89,0.4310425432445068,1.0,0.8689915174363808
mnist,gru,13,0.1,600,temporalrnn,0.7916666666666666,86,475,600,2150,90,0.2209302325581395,0.9555555555555556,0.8659247482776895
mnist,gru,13,0.2,1200,temporalrnn,0.7758333333333334,88,931,1200,2150,90,0.4330232558139535,0.9777777777777776,0.8651776756956544
mnist,gru,14,0.1,600,temporalrnn,0.8183333333333334,87,491,600,2106,90,0.2331433998100665,0.9666666666666668,0.8863367569249923
mnist,gru,14,0.2,1200,temporalrnn,0.77,90,924,1200,2106,90,0.4387464387464387,1.0,0.8700564971751412
mnist,gru,15,0.1,600,temporalrnn,0.7916666666666666,89,475,600,2112,90,0.224905303030303,0.9888888888888888,0.8793551742069683
mnist,gru,15,0.2,1200,temporalrnn,0.7533333333333333,89,904,1200,2112,90,0.428030303030303,0.9888888888888888,0.8551870748299318
mnist,gru,16,0.1,600,temporalrnn,0.805,88,483,600,2092,90,0.2308795411089866,0.9777777777777776,0.8830165160486132
mnist,gru,16,0.2,1200,temporalrnn,0.7575,90,909,1200,2092,90,0.4345124282982792,1.0,0.8620199146514936
mnist,gru,17,0.1,600,temporalrnn,0.8283333333333334,84,497,600,2121,89,0.2343234323432343,0.9438202247191012,0.8823137806050744
mnist,gru,17,0.2,1200,temporalrnn,0.7816666666666666,88,938,1200,2121,89,0.4422442244224422,0.9887640449438202,0.8731026750298813
mnist,gru,18,0.1,600,temporalrnn,0.8116666666666666,90,487,600,2150,90,0.2265116279069767,1.0,0.8960441582336707
mnist,gru,18,0.2,1200,temporalrnn,0.775,90,930,1200,2150,90,0.4325581395348837,1.0,0.8732394366197184
mnist,gru,19,0.1,600,temporalrnn,0.8016666666666666,87,481,600,2165,90,0.2221709006928406,0.9666666666666668,0.876468740182218
mnist,gru,19,0.2,1200,temporalrnn,0.7758333333333334,88,931,1200,2165,90,0.4300230946882217,0.9777777777777776,0.8651776756956544
mnist,gru,20,0.1,600,temporalrnn,0.79,88,474,600,2122,90,0.2233741753063148,0.9777777777777776,0.8739157762413576
mnist,gru,20,0.2,1200,temporalrnn,0.7616666666666667,90,914,1200,2122,90,0.4307257304429783,1.0,0.8647114474929045
mnist,gru,21,0.1,600,temporalrnn,0.795,89,477,600,2128,90,0.2241541353383458,0.9888888888888888,0.8814076611647463
mnist,gru,21,0.2,1200,temporalrnn,0.765,90,918,1200,2128,90,0.431390977443609,1.0,0.8668555240793201
mnist,gru,22,0.1,600,temporalrnn,0.8116666666666666,89,487,600,2147,90,0.2268281322775966,0.9888888888888888,0.8915561040831019
mnist,gru,22,0.2,1200,temporalrnn,0.775,89,930,1200,2147,90,0.4331625523986958,0.9888888888888888,0.868976377952756
mnist,gru,23,0.1,600,temporalrnn,0.82,90,492,600,2149,90,0.2289436947417403,1.0,0.9010989010989012
mnist,gru,23,0.2,1200,temporalrnn,0.7741666666666667,90,929,1200,2149,90,0.4322940902745463,1.0,0.8727101925786754
mnist,gru,24,0.1,600,temporalrnn,0.8166666666666667,89,490,600,2132,90,0.2298311444652908,0.9888888888888888,0.8945641025641026
mnist,gru,24,0.2,1200,temporalrnn,0.76,89,912,1200,2132,90,0.4277673545966229,0.9888888888888888,0.8594663278271919
mnist,gru,25,0.1,600,temporalrnn,0.81,89,486,600,2172,90,0.223756906077348,0.9888888888888888,0.8905497220506485
mnist,gru,25,0.2,1200,temporalrnn,0.79,90,948,1200,2172,90,0.43646408839779,1.0,0.8826815642458101
mnist,gru,26,0.1,600,temporalrnn,0.8216666666666667,87,493,600,2130,90,0.2314553990610328,0.9666666666666668,0.8882882882882882
mnist,gru,26,0.2,1200,temporalrnn,0.7541666666666667,90,905,1200,2130,90,0.4248826291079812,1.0,0.8598574821852731
mnist,gru,27,0.1,600,temporalrnn,0.81,87,486,600,2109,90,0.2304409672830725,0.9666666666666668,0.8814258911819887
mnist,gru,27,0.2,1200,temporalrnn,0.7666666666666667,90,920,1200,2109,90,0.4362256993835941,1.0,0.8679245283018869
mnist,gru,28,0.1,600,temporalrnn,0.8083333333333333,87,485,600,2104,89,0.2305133079847909,0.9775280898876404,0.8849158496303675
mnist,gru,28,0.2,1200,temporalrnn,0.76,88,912,1200,2104,89,0.4334600760456273,0.9887640449438202,0.8594191724492418
mnist,gru,29,0.1,600,temporalrnn,0.8166666666666667,88,490,600,2126,90,0.2304797742238946,0.9777777777777776,0.8899896800825594
mnist,gru,29,0.2,1200,temporalrnn,0.7708333333333334,90,925,1200,2126,90,0.4350893697083725,1.0,0.8705882352941177
mnist,lstm,0,0.1,600,temporalrnn,0.7583333333333333,88,455,600,2132,90,0.2134146341463414,0.9777777777777776,0.8541866666666665
mnist,lstm,0,0.2,1200,temporalrnn,0.7116666666666667,90,854,1200,2132,90,0.400562851782364,1.0,0.8315481986368062
mnist,lstm,1,0.1,600,temporalrnn,0.7666666666666667,89,460,600,2136,90,0.2153558052434457,0.9888888888888888,0.8637130801687765
mnist,lstm,1,0.2,1200,temporalrnn,0.73,90,876,1200,2136,90,0.4101123595505618,1.0,0.8439306358381503
mnist,lstm,2,0.1,600,temporalrnn,0.7566666666666667,89,454,600,2104,90,0.2157794676806083,0.9888888888888888,0.8573307871843836
mnist,lstm,2,0.2,1200,temporalrnn,0.7191666666666666,90,863,1200,2104,90,0.4101711026615969,1.0,0.8366456616577799
mnist,lstm,3,0.1,600,temporalrnn,0.7716666666666666,90,463,600,2110,90,0.219431279620853,1.0,0.8711194731890876
mnist,lstm,3,0.2,1200,temporalrnn,0.7191666666666666,90,863,1200,2110,90,0.4090047393364929,1.0,0.8366456616577799
mnist,lstm,4,0.1,600,temporalrnn,0.7633333333333333,88,458,600,2153,90,0.2127264282396656,0.9777777777777776,0.8573495001063604
mnist,lstm,4,0.2,1200,temporalrnn,0.7258333333333333,89,871,1200,2153,90,0.4045517882025081,0.9888888888888888,0.837183433230736
mnist,lstm,5,0.1,600,temporalrnn,0.7616666666666667,89,457,600,2105,90,0.2171021377672209,0.9888888888888888,0.860531048344441
mnist,lstm,5,0.2,1200,temporalrnn,0.7316666666666667,90,878,1200,2105,90,0.4171021377672209,1.0,0.8450433108758422
mnist,lstm,6,0.1,600,temporalrnn,0.7666666666666667,84,460,600,2094,89,0.2196752626552053,0.9438202247191012,0.846069629954018
mnist,lstm,6,0.2,1200,temporalrnn,0.7025,89,843,1200,2094,89,0.4025787965616045,1.0,0.8252569750367107
mnist,lstm,7,0.1,600,temporalrnn,0.765,88,459,600,2117,89,0.2168162494095418,0.9887640449438202,0.8626069129000226
mnist,lstm,7,0.2,1200,temporalrnn,0.7266666666666667,89,872,1200,2117,89,0.4119036372224846,1.0,0.8416988416988418
mnist,lstm,8,0.1,600,temporalrnn,0.765,86,459,600,2137,89,0.214787084698175,0.9662921348314608,0.8539442515494695
mnist,lstm,8,0.2,1200,temporalrnn,0.7283333333333334,88,874,1200,2137,89,0.4089845577912962,0.9887640449438202,0.8387990359133195
mnist,lstm,9,0.1,600,temporalrnn,0.765,87,459,600,2124,90,0.2161016949152542,0.9666666666666668,0.8540904716073148
mnist,lstm,9,0.2,1200,temporalrnn,0.7208333333333333,90,865,1200,2124,90,0.4072504708097928,1.0,0.8377723970944311
mnist,lstm,10,0.1,600,temporalrnn,0.77,84,462,600,2091,90,0.2209469153515064,0.9333333333333332,0.8438356164383561
mnist,lstm,10,0.2,1200,temporalrnn,0.7291666666666666,90,875,1200,2091,90,0.4184600669536107,1.0,0.8433734939759037
mnist,lstm,11,0.1,600,temporalrnn,0.7666666666666667,89,460,600,2122,90,0.2167766258246936,0.9888888888888888,0.8637130801687765
mnist,lstm,11,0.2,1200,temporalrnn,0.735,90,882,1200,2122,90,0.41564561734213,1.0,0.8472622478386168
mnist,lstm,12,0.1,600,temporalrnn,0.745,87,447,600,2146,89,0.2082945013979496,0.9775280898876404,0.8455692899774957
mnist,lstm,12,0.2,1200,temporalrnn,0.7275,89,873,1200,2146,89,0.4068033550792171,1.0,0.8422575976845152
mnist,lstm,13,0.1,600,temporalrnn,0.7783333333333333,87,467,600,2125,89,0.2197647058823529,0.9775280898876404,0.8666318270533152
mnist,lstm,13,0.2,1200,temporalrnn,0.7341666666666666,89,881,1200,2125,89,0.4145882352941176,1.0,0.8467083133109082
mnist,lstm,14,0.1,600,temporalrnn,0.7533333333333333,90,452,600,2107,90,0.2145230185097294,1.0,0.8593155893536121
mnist,lstm,14,0.2,1200,temporalrnn,0.7125,90,855,1200,2107,90,0.4057902230659705,1.0,0.832116788321168
mnist,lstm,15,0.1,600,temporalrnn,0.745,86,447,600,2094,90,0.2134670487106017,0.9555555555555556,0.8372427311336165
mnist,lstm,15,0.2,1200,temporalrnn,0.71,90,852,1200,2094,90,0.4068767908309456,1.0,0.8304093567251462
mnist,lstm,16,0.1,600,temporalrnn,0.775,87,465,600,2140,90,0.2172897196261682,0.9666666666666668,0.8602870813397129
mnist,lstm,16,0.2,1200,temporalrnn,0.7341666666666666,90,881,1200,2140,90,0.4116822429906542,1.0,0.8467083133109082
mnist,lstm,17,0.1,600,temporalrnn,0.7583333333333333,89,455,600,2107,90,0.2159468438538206,0.9888888888888888,0.8583995760466349
mnist,lstm,17,0.2,1200,temporalrnn,0.7041666666666667,90,845,1200,2107,90,0.4010441385856668,1.0,0.8264058679706603
mnist,lstm,18,0.1,600,temporalrnn,0.7433333333333333,87,446,600,2111,90,0.2112742775935575,0.9666666666666668,0.8404158544509421
mnist,lstm,18,0.2,1200,temporalrnn,0.7166666666666667,89,860,1200,2111,90,0.4073898626243487,0.9888888888888888,0.8310532030401737
mnist,lstm,19,0.1,600,temporalrnn,0.7633333333333333,88,458,600,2161,90,0.2119389171679777,0.9777777777777776,0.8573495001063604
mnist,lstm,19,0.2,1200,temporalrnn,0.7283333333333334,90,874,1200,2161,90,0.4044423877834336,1.0,0.8428158148505304
mnist,lstm,20,0.1,600,temporalrnn,0.7416666666666667,85,445,600,2117,90,0.2102031176192725,0.9444444444444444,0.8308621636463481
mnist,lstm,20,0.2,1200,temporalrnn,0.7225,90,867,1200,2117,90,0.4095418044402456,1.0,0.8388969521044992
mnist,lstm,21,0.1,600,temporalrnn,0.7533333333333333,87,452,600,2131,89,0.2121069920225246,0.9775280898876404,0.8509109793569047
mnist,lstm,21,0.2,1200,temporalrnn,0.7125,89,855,1200,2131,89,0.4012200844673862,1.0,0.832116788321168
mnist,lstm,22,0.1,600,temporalrnn,0.7716666666666666,89,463,600,2159,90,0.2144511347846225,0.9888888888888888,0.8668770379720206
mnist,lstm,22,0.2,1200,temporalrnn,0.7383333333333333,90,886,1200,2159,90,0.4103751736915239,1.0,0.8494726749760306
mnist,lstm,23,0.1,600,temporalrnn,0.785,88,471,600,2133,89,0.220815752461322,0.9887640449438202,0.8751781585531943
mnist,lstm,23,0.2,1200,temporalrnn,0.7366666666666667,88,884,1200,2133,89,0.4144397562119081,0.9887640449438202,0.8442987692374482
mnist,lstm,24,0.1,600,temporalrnn,0.775,89,465,600,2156,90,0.2156771799628942,0.9888888888888888,0.868976377952756
mnist,lstm,24,0.2,1200,temporalrnn,0.7416666666666667,90,890,1200,2156,90,0.4128014842300556,1.0,0.8516746411483254
mnist,lstm,25,0.1,600,temporalrnn,0.7383333333333333,87,443,600,2097,90,0.2112541726275631,0.9666666666666668,0.8372108178559791
mnist,lstm,25,0.2,1200,temporalrnn,0.7291666666666666,90,875,1200,2097,90,0.4172627563185503,1.0,0.8433734939759037
mnist,lstm,26,0.1,600,temporalrnn,0.7616666666666667,86,457,600,2136,89,0.2139513108614232,0.9662921348314608,0.8518634920290876
mnist,lstm,26,0.2,1200,temporalrnn,0.7216666666666667,89,866,1200,2136,89,0.4054307116104869,1.0,0.8383349467570184
mnist,lstm,27,0.1,600,temporalrnn,0.7416666666666667,89,445,600,2136,90,0.2083333333333333,0.9888888888888888,0.8476190476190477
mnist,lstm,27,0.2,1200,temporalrnn,0.7108333333333333,90,853,1200,2136,90,0.3993445692883895,1.0,0.8309790550414028
mnist,lstm,28,0.1,600,temporalrnn,0.745,86,447,600,2103,89,0.2125534950071326,0.9662921348314608,0.8413381044614425
mnist,lstm,28,0.2,1200,temporalrnn,0.7158333333333333,89,859,1200,2103,89,0.4084640989063243,1.0,0.8343856240893638
mnist,lstm,29,0.1,600,temporalrnn,0.7716666666666666,88,463,600,2137,90,0.2166588675713617,0.9777777777777776,0.8625807134540066
mnist,lstm,29,0.2,1200,temporalrnn,0.735,90,882,1200,2137,90,0.4127281235376696,1.0,0.8472622478386168
snips,blstm,0,0.1,200,temporalrnn,0.69,38,138,200,509,41,0.2711198428290766,0.926829268292683,0.7910695429174839
snips,blstm,0,0.2,400,temporalrnn,0.61,41,244,400,509,41,0.4793713163064833,1.0,0.7577639751552795
snips,blstm,1,0.1,200,temporalrnn,0.63,39,126,200,529,42,0.2381852551984877,0.9285714285714286,0.7506874427131073
snips,blstm,1,0.2,400,temporalrnn,0.5725,41,229,400,529,42,0.4328922495274102,0.9761904761904762,0.7217311092320702
snips,blstm,2,0.1,200,temporalrnn,0.62,38,124,200,511,41,0.2426614481409001,0.926829268292683,0.7429832860296437
snips,blstm,2,0.2,400,temporalrnn,0.57,40,228,400,511,41,0.4461839530332681,0.975609756097561,0.7195833990847404
snips,blstm,3,0.1,200,temporalrnn,0.65,35,130,200,508,42,0.2559055118110236,0.8333333333333334,0.7303370786516855
snips,blstm,3,0.2,400,temporalrnn,0.5525,42,221,400,508,42,0.4350393700787401,1.0,0.7117552334943639
snips,blstm,4,0.1,200,temporalrnn,0.615,39,123,200,487,42,0.2525667351129363,0.9285714285714286,0.7399352151781582
snips,blstm,4,0.2,400,temporalrnn,0.55,42,220,400,487,42,0.4517453798767967,1.0,0.7096774193548387
snips,blstm,5,0.1,200,temporalrnn,0.66,37,132,200,519,42,0.2543352601156069,0.8809523809523809,0.7546353522867737
snips,blstm,5,0.2,400,temporalrnn,0.6275,42,251,400,519,42,0.4836223506743738,1.0,0.771121351766513
snips,blstm,6,0.1,200,temporalrnn,0.67,39,134,200,512,42,0.26171875,0.9285714285714286,0.7783735478105451
snips,blstm,6,0.2,400,temporalrnn,0.5725,40,229,400,512,42,0.447265625,0.9523809523809524,0.7151221797173861
snips,blstm,7,0.1,200,temporalrnn,0.625,39,125,200,477,41,0.2620545073375262,0.951219512195122,0.7543520309477756
snips,blstm,7,0.2,400,temporalrnn,0.5775,40,231,400,477,41,0.4842767295597484,0.975609756097561,0.725530996034706
snips,blstm,8,0.1,200,temporalrnn,0.645,36,129,200,491,42,0.2627291242362525,0.8571428571428571,0.7360912981455063
snips,blstm,8,0.2,400,temporalrnn,0.5525,42,221,400,491,42,0.45010183299389,1.0,0.7117552334943639
snips,blstm,9,0.1,200,temporalrnn,0.65,37,130,200,533,41,0.2439024390243902,0.902439024390244,0.7556952081696781
snips,blstm,9,0.2,400,temporalrnn,0.58,39,232,400,533,41,0.4352720450281426,0.951219512195122,0.720611659764256
snips,blstm,10,0.1,200,temporalrnn,0.62,38,124,200,512,41,0.2421875,0.926829268292683,0.7429832860296437
snips,blstm,10,0.2,400,temporalrnn,0.545,41,218,400,512,41,0.42578125,1.0,0.7055016181229774
snips,blstm,11,0.1,200,temporalrnn,0.635,38,127,200,478,41,0.2656903765690376,0.926829268292683,0.7536503474662294
snips,blstm,11,0.2,400,temporalrnn,0.5525,40,221,400,478,41,0.4623430962343096,0.975609756097561,0.7054786321375843
snips,blstm,12,0.1,200,temporalrnn,0.57,37,114,200,500,42,0.228,0.8809523809523809,0.6921562192320315
snips,blstm,12,0.2,400,temporalrnn,0.5225,40,209,400,500,42,0.418,0.9523809523809524,0.6747921543304544
snips,blstm,13,0.1,200,temporalrnn,0.665,40,133,200,491,42,0.2708757637474542,0.9523809523809524,0.783159134403062
snips,blstm,13,0.2,400,temporalrnn,0.5825,41,233,400,491,42,0.4745417515274949,0.9761904761904762,0.7296265179867104
snips,blstm,14,0.1,200,temporalrnn,0.67,37,134,200,517,42,0.2591876208897485,0.8809523809523809,0.7611298741172858
snips,blstm,14,0.2,400,temporalrnn,0.575,41,230,400,517,42,0.4448742746615087,0.9761904761904762,0.7237145049884881
snips,blstm,15,0.1,200,temporalrnn,0.63,35,126,200,523,42,0.2409177820267686,0.8333333333333334,0.7175398633257404
snips,blstm,15,0.2,400,temporalrnn,0.5625,42,225,400,523,42,0.4302103250478011,1.0,0.72
snips,blstm,16,0.1,200,temporalrnn,0.645,37,129,200,494,41,0.2611336032388664,0.902439024390244,0.7523051461896132
snips,blstm,16,0.2,400,temporalrnn,0.5725,40,229,400,494,41,0.4635627530364372,0.975609756097561,0.7215723344755602
snips,blstm,17,0.1,200,temporalrnn,0.615,35,123,200,473,40,0.2600422832980972,0.875,0.7223154362416107
snips,blstm,17,0.2,400,temporalrnn,0.5325,38,213,400,473,40,0.4503171247357294,0.95,0.6824620573355817
snips,blstm,18,0.1,200,temporalrnn,0.58,36,116,200,478,41,0.2426778242677824,0.8780487804878049,0.6985613917698227
snips,blstm,18,0.2,400,temporalrnn,0.515,38,206,400,478,41,0.4309623430962343,0.926829268292683,0.6620992979785165
snips,blstm,19,0.1,200,temporalrnn,0.635,40,127,200,503,42,0.2524850894632207,0.9523809523809524,0.7619619019049048
snips,blstm,19,0.2,400,temporalrnn,0.5575,40,223,400,503,42,0.4433399602385686,0.9523809523809524,0.7033036347867224
snips,blstm,20,0.1,200,temporalrnn,0.65,35,130,200,470,41,0.2765957446808511,0.8536585365853658,0.7380373073803731
snips,blstm,20,0.2,400,temporalrnn,0.56,41,224,400,470,41,0.4765957446808511,1.0,0.717948717948718
snips,blstm,21,0.1,200,temporalrnn,0.635,36,127,200,471,39,0.2696390658174097,0.9230769230769232,0.75240681313256
snips,blstm,21,0.2,400,temporalrnn,0.55,39,220,400,471,39,0.4670912951167728,1.0,0.7096774193548387
snips,blstm,22,0.1,200,temporalrnn,0.645,39,129,200,499,41,0.2585170340681362,0.951219512195122,0.768737107494843
snips,blstm,22,0.2,400,temporalrnn,0.5825,40,233,400,499,41,0.4669338677354709,0.975609756097561,0.7294642507729033
snips,blstm,23,0.1,200,temporalrnn,0.655,39,131,200,502,42,0.2609561752988047,0.9285714285714286,0.7681551646368967
snips,blstm,23,0.2,400,temporalrnn,0.5925,41,237,400,502,42,0.4721115537848606,0.9761904761904762,0.7374212643242013
snips,blstm,24,0.1,200,temporalrnn,0.64,38,128,200,470,42,0.2723404255319149,0.9047619047619048,0.7496917385943279
snips,blstm,24,0.2,400,temporalrnn,0.5425,41,217,400,470,42,0.4617021276595744,0.9761904761904762,0.6974210237516657
snips,blstm,25,0.1,200,temporalrnn,0.6,34,120,200,488,41,0.2459016393442623,0.8292682926829268,0.6962457337883958
snips,blstm,25,0.2,400,temporalrnn,0.515,36,206,400,488,41,0.4221311475409836,0.8780487804878049,0.6492164930403572
snips,blstm,26,0.1,200,temporalrnn,0.645,37,129,200,475,41,0.271578947368421,0.902439024390244,0.7523051461896132
snips,blstm,26,0.2,400,temporalrnn,0.555,39,222,400,475,41,0.4673684210526316,0.951219512195122,0.7009958707796939
snips,blstm,27,0.1,200,temporalrnn,0.67,36,134,200,500,42,0.268,0.8571428571428571,0.7521047708138447
snips,blstm,27,0.2,400,temporalrnn,0.6,41,240,400,500,42,0.48,0.9761904761904762,0.7432024169184289
snips,blstm,28,0.1,200,temporalrnn,0.695,35,139,200,562,40,0.2473309608540925,0.875,0.7746815286624203
snips,blstm,28,0.2,400,temporalrnn,0.6025,38,241,400,562,40,0.4288256227758007,0.95,0.7373590982286634
snips,blstm,29,0.1,200,temporalrnn,0.62,37,124,200,500,41,0.248,0.902439024390244,0.7350208266581224
snips,blstm,29,0.2,400,temporalrnn,0.5575,40,223,400,500,41,0.446,0.975609756097561,0.7095414230600963
snips,gru,0,0.1,200,temporalrnn,0.715,34,143,200,556,42,0.2571942446043165,0.8095238095238095,0.7593315633296891
snips,gru,0,0.2,400,temporalrnn,0.6275,40,251,400,556,42,0.4514388489208633,0.9523809523809524,0.7565368095848088
snips,gru,1,0.1,200,temporalrnn,0.68,38,136,200,539,41,0.2523191094619666,0.926829268292683,0.7844565877352764
snips,gru,1,0.2,400,temporalrnn,0.6,39,240,400,539,41,0.4452690166975881,0.951219512195122,0.7358490566037735
snips,gru,2,0.1,200,temporalrnn,0.695,38,139,200,564,41,0.2464539007092198,0.926829268292683,0.7943454395067299
snips,gru,2,0.2,400,temporalrnn,0.6125,40,245,400,564,41,0.4343971631205673,0.975609756097561,0.7525436744096755
snips,gru,3,0.1,200,temporalrnn,0.765,36,153,200,545,42,0.2807339449541284,0.8571428571428571,0.808454425363276
snips,gru,3,0.2,400,temporalrnn,0.6425,41,257,400,545,42,0.4715596330275229,0.9761904761904762,0.7749503566963301
snips,gru,4,0.1,200,temporalrnn,0.66,39,132,200,514,42,0.2568093385214007,0.9285714285714286,0.7715827338129497
snips,gru,4,0.2,400,temporalrnn,0.585,40,234,400,514,42,0.4552529182879377,0.9523809523809524,0.7247947963450518
snips,gru,5,0.1,200,temporalrnn,0.755,39,151,200,551,42,0.2740471869328493,0.9285714285714286,0.8328383538396266
snips,gru,5,0.2,400,temporalrnn,0.65,41,260,400,551,42,0.4718693284936479,0.9761904761904762,0.7803806734992679
snips,gru,6,0.1,200,temporalrnn,0.72,38,144,200,552,38,0.2608695652173913,1.0,0.8372093023255813
snips,gru,6,0.2,400,temporalrnn,0.6225,38,249,400,552,38,0.4510869565217391,1.0,0.7673343605546996
snips,gru,7,0.1,200,temporalrnn,0.735,40,147,200,542,41,0.2712177121771217,0.975609756097561,0.8383831182719043
snips,gru,7,0.2,400,temporalrnn,0.6475,40,259,400,542,41,0.477859778597786,0.975609756097561,0.7783913745820655
snips,gru,8,0.1,200,temporalrnn,0.69,38,138,200,529,41,0.2608695652173913,0.926829268292683,0.7910695429174839
snips,gru,8,0.2,400,temporalrnn,0.605,40,242,400,529,41,0.4574669187145557,0.975609756097561,0.746855952472803
snips,gru,9,0.1,200,temporalrnn,0.69,37,138,200,560,41,0.2464285714285714,0.902439024390244,0.7820493184254863
snips,gru,9,0.2,400,temporalrnn,0.64,40,256,400,560,41,0.4571428571428571,0.975609756097561,0.7729468599033816
snips,gru,10,0.1,200,temporalrnn,0.75,38,150,200,549,40,0.273224043715847,0.95,0.838235294117647
snips,gru,10,0.2,400,temporalrnn,0.655,38,262,400,549,40,0.4772313296903461,0.95,0.7753894080996885
snips,gru,11,0.1,200,temporalrnn,0.725,39,145,200,522,42,0.2777777777777778,0.9285714285714286,0.8142548596112312
snips,gru,11,0.2,400,temporalrnn,0.6,41,240,400,522,42,0.4597701149425287,0.9761904761904762,0.7432024169184289
snips,gru,12,0.1,200,temporalrnn,0.715,36,143,200,569,41,0.2513181019332162,0.8780487804878049,0.7881803567327567
snips,gru,12,0.2,400,temporalrnn,0.645,39,258,400,569,41,0.453427065026362,0.951219512195122,0.768737107494843
snips,gru,13,0.1,200,temporalrnn,0.715,37,143,200,528,40,0.2708333333333333,0.925,0.8065548780487805
snips,gru,13,0.2,400,temporalrnn,0.6375,39,255,400,528,40,0.4829545454545454,0.975,0.7709302325581395
snips,gru,14,0.1,200,temporalrnn,0.735,36,147,200,548,41,0.2682481751824817,0.8780487804878049,0.8001814470401452
snips,gru,14,0.2,400,temporalrnn,0.6325,38,253,400,548,41,0.4616788321167883,0.926829268292683,0.7518867555625073
snips,gru,15,0.1,200,temporalrnn,0.72,39,144,200,548,42,0.2627737226277372,0.9285714285714286,0.8110918544194108
snips,gru,15,0.2,400,temporalrnn,0.64,41,256,400,548,42,0.4671532846715328,0.9761904761904762,0.7731290512669416
snips,gru,16,0.1,200,temporalrnn,0.705,37,141,200,534,41,0.2640449438202247,0.902439024390244,0.7915939610044762
snips,gru,16,0.2,400,temporalrnn,0.6175,39,247,400,534,41,0.4625468164794007,0.951219512195122,0.7488630621526023
snips,gru,17,0.1,200,temporalrnn,0.7,40,140,200,497,41,0.2816901408450704,0.975609756097561,0.8151382823871907
snips,gru,17,0.2,400,temporalrnn,0.625,40,250,400,497,41,0.5030181086519114,0.975609756097561,0.7619047619047619
snips,gru,18,0.1,200,temporalrnn,0.7,38,140,200,526,42,0.2661596958174905,0.9047619047619048,0.7893175074183976
snips,gru,18,0.2,400,temporalrnn,0.635,41,254,400,526,42,0.4828897338403042,0.9761904761904762,0.7694694842618591
snips,gru,19,0.1,200,temporalrnn,0.69,34,138,200,524,40,0.2633587786259542,0.85,0.7616883116883115
snips,gru,19,0.2,400,temporalrnn,0.605,37,242,400,524,40,0.4618320610687023,0.925,0.7315359477124184
snips,gru,20,0.1,200,temporalrnn,0.695,36,139,200,518,42,0.2683397683397683,0.8571428571428571,0.7676023930050621
snips,gru,20,0.2,400,temporalrnn,0.6275,40,251,400,518,42,0.4845559845559845,0.9523809523809524,0.7565368095848088
snips,gru,21,0.1,200,temporalrnn,0.715,40,143,200,528,41,0.2708333333333333,0.975609756097561,0.8252182067373585
snips,gru,21,0.2,400,temporalrnn,0.63,41,252,400,528,41,0.4772727272727273,1.0,0.7730061349693252
snips,gru,22,0.1,200,temporalrnn,0.745,40,149,200,512,41,0.291015625,0.975609756097561,0.8448508044510595
snips,gru,22,0.2,400,temporalrnn,0.6025,40,241,400,512,41,0.470703125,0.975609756097561,0.7449480313743673
snips,gru,23,0.1,200,temporalrnn,0.685,39,137,200,520,41,0.2634615384615384,0.951219512195122,0.7964522620556012
snips,gru,23,0.2,400,temporalrnn,0.6,40,240,400,520,41,0.4615384615384615,0.975609756097561,0.7430340557275541
snips,gru,24,0.1,200,temporalrnn,0.705,39,141,200,498,41,0.2831325301204819,0.951219512195122,0.8098078197481775
snips,gru,24,0.2,400,temporalrnn,0.62,40,248,400,498,41,0.4979919678714859,0.975609756097561,0.7581779272393763
snips,gru,25,0.1,200,temporalrnn,0.655,36,131,200,534,40,0.245318352059925,0.9,0.7581993569131832
snips,gru,25,0.2,400,temporalrnn,0.585,39,234,400,534,40,0.4382022471910112,0.975,0.73125
snips,gru,26,0.1,200,temporalrnn,0.7,38,140,200,522,41,0.2681992337164751,0.926829268292683,0.7976011994002998
snips,gru,26,0.2,400,temporalrnn,0.61,40,244,400,522,41,0.4674329501915709,0.975609756097561,0.7506537455776034
snips,gru,27,0.1,200,temporalrnn,0.69,37,138,200,515,42,0.2679611650485436,0.8809523809523809,0.7738708699605941
snips,gru,27,0.2,400,temporalrnn,0.6125,41,245,400,515,42,0.4757281553398058,0.9761904761904762,0.7527163731734733
snips,gru,28,0.1,200,temporalrnn,0.735,35,147,200,599,40,0.2454090150250417,0.875,0.7989130434782609
snips,gru,28,0.2,400,temporalrnn,0.6525,39,261,400,599,40,0.4357262103505843,0.975,0.7817972350230414
snips,gru,29,0.1,200,temporalrnn,0.74,38,148,200,521,40,0.2840690978886756,0.95,0.8319526627218935
snips,gru,29,0.2,400,temporalrnn,0.6225,38,249,400,521,40,0.4779270633397313,0.95,0.7521462639109697
snips,lstm,0,0.1,200,temporalrnn,0.595,37,119,200,439,40,0.2710706150341685,0.925,0.7241776315789473
snips,lstm,0,0.2,400,temporalrnn,0.5075,40,203,400,439,40,0.4624145785876993,1.0,0.6733001658374793
snips,lstm,1,0.1,200,temporalrnn,0.64,40,128,200,468,41,0.2735042735042735,0.975609756097561,0.7729468599033816
snips,lstm,1,0.2,400,temporalrnn,0.5675,40,227,400,468,41,0.485042735042735,0.975609756097561,0.7175880191251433
snips,lstm,2,0.1,200,temporalrnn,0.66,39,132,200,441,41,0.2993197278911564,0.951219512195122,0.779291553133515
snips,lstm,2,0.2,400,temporalrnn,0.55,39,220,400,441,41,0.4988662131519274,0.951219512195122,0.6969943135662063
snips,lstm,3,0.1,200,temporalrnn,0.605,40,121,200,436,41,0.2775229357798165,0.975609756097561,0.746855952472803
snips,lstm,3,0.2,400,temporalrnn,0.535,41,214,400,436,41,0.4908256880733945,1.0,0.6970684039087948
snips,lstm,4,0.1,200,temporalrnn,0.605,40,121,200,411,41,0.2944038929440389,0.975609756097561,0.746855952472803
snips,lstm,4,0.2,400,temporalrnn,0.505,40,202,400,411,41,0.4914841849148418,0.975609756097561,0.6655135491310437
snips,lstm,5,0.1,200,temporalrnn,0.605,38,121,200,434,40,0.2788018433179723,0.95,0.7392282958199357
snips,lstm,5,0.2,400,temporalrnn,0.525,40,210,400,434,40,0.4838709677419355,1.0,0.6885245901639345
snips,lstm,6,0.1,200,temporalrnn,0.64,37,128,200,460,41,0.2782608695652174,0.902439024390244,0.7488931056293486
snips,lstm,6,0.2,400,temporalrnn,0.5325,40,213,400,460,41,0.4630434782608695,0.975609756097561,0.6889580722112159
snips,lstm,7,0.1,200,temporalrnn,0.635,39,127,200,436,41,0.2912844036697247,0.951219512195122,0.7615899131237026
snips,lstm,7,0.2,400,temporalrnn,0.525,41,210,400,436,41,0.481651376146789,1.0,0.6885245901639345
snips,lstm,8,0.1,200,temporalrnn,0.675,40,135,200,453,41,0.2980132450331126,0.975609756097561,0.7979312892500924
snips,lstm,8,0.2,400,temporalrnn,0.545,41,218,400,453,41,0.4812362030905077,1.0,0.7055016181229774
snips,lstm,9,0.1,200,temporalrnn,0.61,38,122,200,469,40,0.2601279317697228,0.95,0.742948717948718
snips,lstm,9,0.2,400,temporalrnn,0.5325,39,213,400,469,40,0.4541577825159915,0.975,0.6888059701492537
snips,lstm,10,0.1,200,temporalrnn,0.56,40,112,200,431,41,0.259860788863109,0.975609756097561,0.7115628970775095
snips,lstm,10,0.2,400,temporalrnn,0.505,40,202,400,431,41,0.4686774941995359,0.975609756097561,0.6655135491310437
snips,lstm,11,0.1,200,temporalrnn,0.6,36,120,200,419,40,0.2863961813842482,0.9,0.7200000000000001
snips,lstm,11,0.2,400,temporalrnn,0.5025,38,201,400,419,40,0.4797136038186158,0.95,0.657314974182444
snips,lstm,12,0.1,200,temporalrnn,0.59,37,118,200,441,41,0.2675736961451247,0.902439024390244,0.7135152802745547
snips,lstm,12,0.2,400,temporalrnn,0.515,38,206,400,441,41,0.4671201814058957,0.926829268292683,0.6620992979785165
snips,lstm,13,0.1,200,temporalrnn,0.625,39,125,200,421,41,0.2969121140142517,0.951219512195122,0.7543520309477756
snips,lstm,13,0.2,400,temporalrnn,0.5175,40,207,400,421,41,0.4916864608076009,0.975609756097561,0.6762772083146159
snips,lstm,14,0.1,200,temporalrnn,0.63,39,126,200,441,41,0.2857142857142857,0.951219512195122,0.7579824155483573
snips,lstm,14,0.2,400,temporalrnn,0.5125,41,205,400,441,41,0.4648526077097505,1.0,0.6776859504132231
snips,lstm,15,0.1,200,temporalrnn,0.605,40,121,200,452,41,0.2676991150442478,0.975609756097561,0.746855952472803
snips,lstm,15,0.2,400,temporalrnn,0.52,41,208,400,452,41,0.4601769911504424,1.0,0.6842105263157895
snips,lstm,16,0.1,200,temporalrnn,0.645,39,129,200,429,41,0.3006993006993007,0.951219512195122,0.768737107494843
snips,lstm,16,0.2,400,temporalrnn,0.5275,41,211,400,429,41,0.4918414918414918,1.0,0.690671031096563
snips,lstm,17,0.1,200,temporalrnn,0.6,35,120,200,408,40,0.2941176470588235,0.875,0.711864406779661
snips,lstm,17,0.2,400,temporalrnn,0.4875,38,195,400,408,40,0.4779411764705882,0.95,0.6443478260869565
snips,lstm,18,0.1,200,temporalrnn,0.625,38,125,200,440,41,0.2840909090909091,0.926829268292683,0.7465618860510806
snips,lstm,18,0.2,400,temporalrnn,0.5325,40,213,400,440,41,0.484090909090909,0.975609756097561,0.6889580722112159
snips,lstm,19,0.1,200,temporalrnn,0.52,35,104,200,413,40,0.2518159806295399,0.875,0.6523297491039427
snips,lstm,19,0.2,400,temporalrnn,0.465,40,186,400,413,40,0.4503631961259079,1.0,0.6348122866894198
snips,lstm,20,0.1,200,temporalrnn,0.585,37,117,200,430,41,0.2720930232558139,0.902439024390244,0.709846683610724
snips,lstm,20,0.2,400,temporalrnn,0.5025,40,201,400,430,41,0.4674418604651162,0.975609756097561,0.6633389711645559
snips,lstm,21,0.1,200,temporalrnn,0.585,37,117,200,425,41,0.2752941176470588,0.902439024390244,0.709846683610724
snips,lstm,21,0.2,400,temporalrnn,0.5,41,200,400,425,41,0.4705882352941176,1.0,0.6666666666666666
snips,lstm,22,0.1,200,temporalrnn,0.61,41,122,200,434,41,0.2811059907834101,1.0,0.7577639751552795
snips,lstm,22,0.2,400,temporalrnn,0.5225,41,209,400,434,41,0.4815668202764977,1.0,0.6863711001642036
snips,lstm,23,0.1,200,temporalrnn,0.595,37,119,200,445,41,0.2674157303370786,0.902439024390244,0.717159377799495
snips,lstm,23,0.2,400,temporalrnn,0.52,39,208,400,445,41,0.4674157303370786,0.951219512195122,0.6724137931034483
snips,lstm,24,0.1,200,temporalrnn,0.625,37,125,200,411,41,0.3041362530413625,0.902439024390244,0.7385229540918165
snips,lstm,24,0.2,400,temporalrnn,0.5,40,200,400,411,41,0.48661800486618,0.975609756097561,0.6611570247933884
snips,lstm,25,0.1,200,temporalrnn,0.565,36,113,200,429,39,0.2634032634032634,0.9230769230769232,0.7009563194623933
snips,lstm,25,0.2,400,temporalrnn,0.4975,39,199,400,429,39,0.4638694638694638,1.0,0.664440734557596
snips,lstm,26,0.1,200,temporalrnn,0.625,39,125,200,417,41,0.2997601918465228,0.951219512195122,0.7543520309477756
snips,lstm,26,0.2,400,temporalrnn,0.53,40,212,400,417,41,0.5083932853717026,0.975609756097561,0.6868621415843188
snips,lstm,27,0.1,200,temporalrnn,0.62,39,124,200,443,41,0.2799097065462754,0.951219512195122,0.7506985408258304
snips,lstm,27,0.2,400,temporalrnn,0.555,41,222,400,443,41,0.5011286681715575,1.0,0.7138263665594855
snips,lstm,28,0.1,200,temporalrnn,0.585,36,117,200,454,41,0.2577092511013216,0.8780487804878049,0.7021755438859716
snips,lstm,28,0.2,400,temporalrnn,0.5225,40,209,400,454,41,0.460352422907489,0.975609756097561,0.680532378200171
snips,lstm,29,0.1,200,temporalrnn,0.64,38,128,200,435,41,0.2942528735632184,0.926829268292683,0.7571606475716065
snips,lstm,29,0.2,400,temporalrnn,0.5325,41,213,400,435,41,0.4896551724137931,1.0,0.6949429037520392
svhn,blstm,0,0.1,700,temporalrnn,0.85,44,595,700,5990,45,0.0993322203672788,0.9777777777777776,0.9094224924012158
svhn,blstm,0,0.2,1400,temporalrnn,0.8342857142857143,45,1168,1400,5990,45,0.194991652754591,1.0,0.909657320872274
svhn,blstm,1,0.1,700,temporalrnn,0.8542857142857143,45,598,700,5934,45,0.1007751937984496,1.0,0.921417565485362
svhn,blstm,1,0.2,1400,temporalrnn,0.8571428571428571,45,1200,1400,5934,45,0.2022244691607684,1.0,0.923076923076923
svhn,blstm,2,0.1,700,temporalrnn,0.8457142857142858,45,592,700,5962,45,0.0992955384099295,1.0,0.9164086687306502
svhn,blstm,2,0.2,1400,temporalrnn,0.8471428571428572,45,1186,1400,5962,45,0.1989265347198926,1.0,0.917246713070379
svhn,blstm,3,0.1,700,temporalrnn,0.8528571428571429,45,597,700,5960,45,0.1001677852348993,1.0,0.920585967617579
svhn,blstm,3,0.2,1400,temporalrnn,0.8421428571428572,45,1179,1400,5960,45,0.1978187919463087,1.0,0.9143078712679334
svhn,blstm,4,0.1,700,temporalrnn,0.83,44,581,700,5932,45,0.0979433580579905,0.9777777777777776,0.8978488014751075
svhn,blstm,4,0.2,1400,temporalrnn,0.825,45,1155,1400,5932,45,0.1947066756574511,1.0,0.9041095890410958
svhn,blstm,5,0.1,700,temporalrnn,0.8457142857142858,45,592,700,5953,45,0.0994456576516042,1.0,0.9164086687306502
svhn,blstm,5,0.2,1400,temporalrnn,0.8485714285714285,45,1188,1400,5953,45,0.199563245422476,1.0,0.9180834621329212
svhn,blstm,6,0.1,700,temporalrnn,0.8185714285714286,45,573,700,5890,45,0.097283531409168,1.0,0.9002356637863316
svhn,blstm,6,0.2,1400,temporalrnn,0.8321428571428572,45,1165,1400,5890,45,0.197792869269949,1.0,0.9083820662768032
svhn,blstm,7,0.1,700,temporalrnn,0.8471428571428572,44,593,700,5974,45,0.0992634750585872,0.9777777777777776,0.9077846394711664
svhn,blstm,7,0.2,1400,temporalrnn,0.8521428571428571,45,1193,1400,5974,45,0.1996986943421493,1.0,0.9201696876205168
svhn,blstm,8,0.1,700,temporalrnn,0.8414285714285714,45,589,700,5916,45,0.0995605138607167,1.0,0.9138867339022498
svhn,blstm,8,0.2,1400,temporalrnn,0.8328571428571429,45,1166,1400,5916,45,0.1970926301555104,1.0,0.9088074824629776
svhn,blstm,9,0.1,700,temporalrnn,0.8328571428571429,45,583,700,5914,45,0.0985796415285762,1.0,0.9088074824629776
svhn,blstm,9,0.2,1400,temporalrnn,0.8435714285714285,45,1181,1400,5914,45,0.1996956374704092,1.0,0.915149166989539
svhn,blstm,10,0.1,700,temporalrnn,0.8728571428571429,45,611,700,5973,45,0.1022936547798426,1.0,0.9321128909229596
svhn,blstm,10,0.2,1400,temporalrnn,0.8471428571428572,45,1186,1400,5973,45,0.1985601875104637,1.0,0.917246713070379
svhn,blstm,11,0.1,700,temporalrnn,0.8314285714285714,45,582,700,5913,45,0.0984271943176052,1.0,0.90795631825273
svhn,blstm,11,0.2,1400,temporalrnn,0.8314285714285714,45,1164,1400,5913,45,0.1968543886352105,1.0,0.90795631825273
svhn,blstm,12,0.1,700,temporalrnn,0.8528571428571429,45,597,700,5936,45,0.1005727762803234,1.0,0.920585967617579
svhn,blstm,12,0.2,1400,temporalrnn,0.8414285714285714,45,1178,1400,5936,45,0.1984501347708895,1.0,0.9138867339022498
svhn,blstm,13,0.1,700,temporalrnn,0.86,45,602,700,6022,45,0.0999667884423779,1.0,0.924731182795699
svhn,blstm,13,0.2,1400,temporalrnn,0.85,45,1190,1400,6022,45,0.1976087678512122,1.0,0.9189189189189187
svhn,blstm,14,0.1,700,temporalrnn,0.8457142857142858,44,592,700,5956,45,0.099395567494963,0.9777777777777776,0.9069637883008356
svhn,blstm,14,0.2,1400,temporalrnn,0.8321428571428572,45,1165,1400,5956,45,0.1956010745466756,1.0,0.9083820662768032
svhn,blstm,15,0.1,700,temporalrnn,0.8528571428571429,45,597,700,5936,45,0.1005727762803234,1.0,0.920585967617579
svhn,blstm,15,0.2,1400,temporalrnn,0.8442857142857143,45,1182,1400,5936,45,0.1991239892183288,1.0,0.9155693261037956
svhn,blstm,16,0.1,700,temporalrnn,0.8271428571428572,45,579,700,5936,45,0.0975404312668463,1.0,0.90539483971853
svhn,blstm,16,0.2,1400,temporalrnn,0.825,45,1155,1400,5936,45,0.1945754716981132,1.0,0.9041095890410958
svhn,blstm,17,0.1,700,temporalrnn,0.8528571428571429,45,597,700,5989,45,0.099682751711471,1.0,0.920585967617579
svhn,blstm,17,0.2,1400,temporalrnn,0.8492857142857143,45,1189,1400,5989,45,0.1985306395057605,1.0,0.9185013518733104
svhn,blstm,18,0.1,700,temporalrnn,0.8528571428571429,44,597,700,5910,45,0.1010152284263959,0.9777777777777776,0.9110552328101968
svhn,blstm,18,0.2,1400,temporalrnn,0.8428571428571429,45,1180,1400,5910,45,0.1996615905245347,1.0,0.9147286821705426
svhn,blstm,19,0.1,700,temporalrnn,0.8414285714285714,45,589,700,5987,45,0.0983798229497244,1.0,0.9138867339022498
svhn,blstm,19,0.2,1400,temporalrnn,0.8428571428571429,45,1180,1400,5987,45,0.1970937030232169,1.0,0.9147286821705426
svhn,blstm,20,0.1,700,temporalrnn,0.8657142857142858,45,606,700,5973,45,0.1014565544952285,1.0,0.9280245022970904
svhn,blstm,20,0.2,1400,temporalrnn,0.8485714285714285,45,1188,1400,5973,45,0.1988950276243093,1.0,0.9180834621329212
svhn,blstm,21,0.1,700,temporalrnn,0.8457142857142858,45,592,700,5938,45,0.0996968676321994,1.0,0.9164086687306502
svhn,blstm,21,0.2,1400,temporalrnn,0.8414285714285714,45,1178,1400,5938,45,0.1983832940383967,1.0,0.9138867339022498
svhn,blstm,22,0.1,700,temporalrnn,0.8528571428571429,45,597,700,5935,45,0.1005897219882055,1.0,0.920585967617579
svhn,blstm,22,0.2,1400,temporalrnn,0.84,45,1176,1400,5935,45,0.1981465880370682,1.0,0.9130434782608696
svhn,blstm,23,0.1,700,temporalrnn,0.8242857142857143,45,577,700,5980,45,0.0964882943143812,1.0,0.903680501174628
svhn,blstm,23,0.2,1400,temporalrnn,0.8392857142857143,45,1175,1400,5980,45,0.1964882943143812,1.0,0.9126213592233008
svhn,blstm,24,0.1,700,temporalrnn,0.8228571428571428,45,576,700,5931,45,0.0971168437025796,1.0,0.90282131661442
svhn,blstm,24,0.2,1400,temporalrnn,0.8364285714285714,45,1171,1400,5931,45,0.197437194402293,1.0,0.910929599377674
svhn,blstm,25,0.1,700,temporalrnn,0.8471428571428572,45,593,700,5907,45,0.1003893685457931,1.0,0.917246713070379
svhn,blstm,25,0.2,1400,temporalrnn,0.8342857142857143,45,1168,1400,5907,45,0.1977315049940748,1.0,0.909657320872274
svhn,blstm,26,0.1,700,temporalrnn,0.8728571428571429,45,611,700,5942,45,0.1028273308650286,1.0,0.9321128909229596
svhn,blstm,26,0.2,1400,temporalrnn,0.8521428571428571,45,1193,1400,5942,45,0.2007741501178054,1.0,0.9201696876205168
svhn,blstm,27,0.1,700,temporalrnn,0.8285714285714286,44,580,700,5913,45,0.0980889565364451,0.9777777777777776,0.8970123022847101
svhn,blstm,27,0.2,1400,temporalrnn,0.8307142857142857,45,1163,1400,5913,45,0.1966852697446304,1.0,0.907530238002341
svhn,blstm,28,0.1,700,temporalrnn,0.8285714285714286,45,580,700,5914,45,0.0980723706459249,1.0,0.90625
svhn,blstm,28,0.2,1400,temporalrnn,0.8314285714285714,45,1164,1400,5914,45,0.1968211024687182,1.0,0.90795631825273
svhn,blstm,29,0.1,700,temporalrnn,0.8614285714285714,45,603,700,5981,45,0.1008192609931449,1.0,0.9255564082885648
svhn,blstm,29,0.2,1400,temporalrnn,0.845,45,1183,1400,5981,45,0.1977930112021401,1.0,0.9159891598915988
svhn,gru,0,0.1,700,temporalrnn,0.8185714285714286,87,573,700,3969,90,0.1443688586545729,0.9666666666666668,0.8864763937049881
svhn,gru,0,0.2,1400,temporalrnn,0.8042857142857143,90,1126,1400,3969,90,0.2836986646510456,1.0,0.8915281076801267
svhn,gru,1,0.1,700,temporalrnn,0.82,89,574,700,4016,90,0.1429282868525896,0.9888888888888888,0.8965601965601966
svhn,gru,1,0.2,1400,temporalrnn,0.8085714285714286,90,1132,1400,4016,90,0.2818725099601594,1.0,0.8941548183254344
svhn,gru,2,0.1,700,temporalrnn,0.8485714285714285,88,594,700,4043,90,0.1469206035122434,0.9777777777777776,0.908604206500956
svhn,gru,2,0.2,1400,temporalrnn,0.8257142857142857,90,1156,1400,4043,90,0.2859262923571605,1.0,0.9045383411580596
svhn,gru,3,0.1,700,temporalrnn,0.8314285714285714,89,582,700,4018,90,0.1448481831757093,0.9888888888888888,0.9033484478549006
svhn,gru,3,0.2,1400,temporalrnn,0.815,90,1141,1400,4018,90,0.28397212543554,1.0,0.8980716253443526
svhn,gru,4,0.1,700,temporalrnn,0.8414285714285714,90,589,700,3982,90,0.1479156202913109,1.0,0.9138867339022498
svhn,gru,4,0.2,1400,temporalrnn,0.8128571428571428,90,1138,1400,3982,90,0.2857860371672526,1.0,0.896769109535067
svhn,gru,5,0.1,700,temporalrnn,0.8085714285714286,89,566,700,4024,90,0.1406560636182902,0.9888888888888888,0.8896856234546097
svhn,gru,5,0.2,1400,temporalrnn,0.7964285714285714,90,1115,1400,4024,90,0.2770874751491053,1.0,0.8866799204771372
svhn,gru,6,0.1,700,temporalrnn,0.84,89,588,700,3994,90,0.1472208312468703,0.9888888888888888,0.9083839611178616
svhn,gru,6,0.2,1400,temporalrnn,0.8057142857142857,90,1128,1400,3994,90,0.2824236354531798,1.0,0.8924050632911393
svhn,gru,7,0.1,700,temporalrnn,0.8628571428571429,89,604,700,3985,90,0.1515683814303638,0.9888888888888888,0.9215840905194582
svhn,gru,7,0.2,1400,temporalrnn,0.8185714285714286,90,1146,1400,3985,90,0.2875784190715182,1.0,0.9002356637863316
svhn,gru,8,0.1,700,temporalrnn,0.8357142857142857,90,585,700,4042,90,0.14473033151905,1.0,0.9105058365758756
svhn,gru,8,0.2,1400,temporalrnn,0.8142857142857143,90,1140,1400,4042,90,0.2820385947550717,1.0,0.8976377952755905
svhn,gru,9,0.1,700,temporalrnn,0.8457142857142858,90,592,700,4018,90,0.1473369835739173,1.0,0.9164086687306502
svhn,gru,9,0.2,1400,temporalrnn,0.8228571428571428,90,1152,1400,4018,90,0.2867098058735689,1.0,0.90282131661442
svhn,gru,10,0.1,700,temporalrnn,0.84,89,588,700,3981,90,0.1477015825169555,0.9888888888888888,0.9083839611178616
svhn,gru,10,0.2,1400,temporalrnn,0.81,90,1134,1400,3981,90,0.2848530519969857,1.0,0.8950276243093923
svhn,gru,11,0.1,700,temporalrnn,0.8571428571428571,90,600,700,3996,90,0.1501501501501501,1.0,0.923076923076923
svhn,gru,11,0.2,1400,temporalrnn,0.825,90,1155,1400,3996,90,0.289039039039039,1.0,0.9041095890410958
svhn,gru,12,0.1,700,temporalrnn,0.84,89,588,700,3979,90,0.1477758230711233,0.9888888888888888,0.9083839611178616
svhn,gru,12,0.2,1400,temporalrnn,0.815,90,1141,1400,3979,90,0.286755466197537,1.0,0.8980716253443526
svhn,gru,13,0.1,700,temporalrnn,0.8342857142857143,88,584,700,4000,90,0.146,0.9777777777777776,0.9003503854239665
svhn,gru,13,0.2,1400,temporalrnn,0.8028571428571428,89,1124,1400,4000,90,0.281,0.9888888888888888,0.8862154500354358
svhn,gru,14,0.1,700,temporalrnn,0.8271428571428572,90,579,700,4047,90,0.1430689399555226,1.0,0.90539483971853
svhn,gru,14,0.2,1400,temporalrnn,0.8078571428571428,90,1131,1400,4047,90,0.279466271312083,1.0,0.8937178980640063
svhn,gru,15,0.1,700,temporalrnn,0.8142857142857143,90,570,700,3993,90,0.1427498121712997,1.0,0.8976377952755905
svhn,gru,15,0.2,1400,temporalrnn,0.7914285714285715,90,1108,1400,3993,90,0.2774855997996494,1.0,0.8835725677830942
svhn,gru,16,0.1,700,temporalrnn,0.8485714285714285,90,594,700,3979,90,0.1492837396330736,1.0,0.9180834621329212
svhn,gru,16,0.2,1400,temporalrnn,0.8107142857142857,90,1135,1400,3979,90,0.2852475496355868,1.0,0.8954635108481263
svhn,gru,17,0.1,700,temporalrnn,0.8657142857142858,90,606,700,4057,90,0.1493714567414345,1.0,0.9280245022970904
svhn,gru,17,0.2,1400,temporalrnn,0.8278571428571428,90,1159,1400,4057,90,0.2856790732068031,1.0,0.9058225869480264
svhn,gru,18,0.1,700,temporalrnn,0.84,89,588,700,3992,90,0.1472945891783567,0.9888888888888888,0.9083839611178616
svhn,gru,18,0.2,1400,temporalrnn,0.795,90,1113,1400,3992,90,0.2788076152304609,1.0,0.8857938718662953
svhn,gru,19,0.1,700,temporalrnn,0.8171428571428572,90,572,700,4039,90,0.141619212676405,1.0,0.89937106918239
svhn,gru,19,0.2,1400,temporalrnn,0.81,90,1134,1400,4039,90,0.2807625649913345,1.0,0.8950276243093923
svhn,gru,20,0.1,700,temporalrnn,0.84,88,588,700,4052,90,0.1451135241855873,0.9777777777777776,0.9036674816625916
svhn,gru,20,0.2,1400,temporalrnn,0.8228571428571428,90,1152,1400,4052,90,0.2843040473840079,1.0,0.90282131661442
svhn,gru,21,0.1,700,temporalrnn,0.86,89,602,700,4028,90,0.1494538232373386,0.9888888888888888,0.9199519230769232
svhn,gru,21,0.2,1400,temporalrnn,0.8214285714285714,90,1150,1400,4028,90,0.2855014895729891,1.0,0.9019607843137256
svhn,gru,22,0.1,700,temporalrnn,0.8042857142857143,87,563,700,3987,90,0.1412089290193127,0.9666666666666668,0.8780317289593976
svhn,gru,22,0.2,1400,temporalrnn,0.7935714285714286,90,1111,1400,3987,90,0.2786556308001003,1.0,0.8849064117881322
svhn,gru,23,0.1,700,temporalrnn,0.8385714285714285,90,587,700,4058,90,0.1446525381961557,1.0,0.912198912198912
svhn,gru,23,0.2,1400,temporalrnn,0.8207142857142857,90,1149,1400,4058,90,0.2831444061113849,1.0,0.9015300117693212
svhn,gru,24,0.1,700,temporalrnn,0.8214285714285714,90,575,700,3990,90,0.144110275689223,1.0,0.9019607843137256
svhn,gru,24,0.2,1400,temporalrnn,0.7778571428571428,90,1089,1400,3990,90,0.2729323308270677,1.0,0.875050220972278
svhn,gru,25,0.1,700,temporalrnn,0.8214285714285714,89,575,700,4024,90,0.1428926441351888,0.9888888888888888,0.8974134151687856
svhn,gru,25,0.2,1400,temporalrnn,0.7942857142857143,90,1112,1400,4024,90,0.2763419483101391,1.0,0.8853503184713376
svhn,gru,26,0.1,700,temporalrnn,0.8385714285714285,90,587,700,4012,90,0.1463110667996012,1.0,0.912198912198912
svhn,gru,26,0.2,1400,temporalrnn,0.7971428571428572,90,1116,1400,4012,90,0.2781655034895314,1.0,0.8871224165341812
svhn,gru,27,0.1,700,temporalrnn,0.8114285714285714,89,568,700,3941,90,0.144125856381629,0.9888888888888888,0.8914124493034737
svhn,gru,27,0.2,1400,temporalrnn,0.7978571428571428,90,1117,1400,3941,90,0.2834306013702106,1.0,0.8875645609852999
svhn,gru,28,0.1,700,temporalrnn,0.8285714285714286,90,580,700,3985,90,0.1455457967377666,1.0,0.90625
svhn,gru,28,0.2,1400,temporalrnn,0.7935714285714286,90,1111,1400,3985,90,0.2787954830614805,1.0,0.8849064117881322
svhn,gru,29,0.1,700,temporalrnn,0.83,88,581,700,4003,90,0.1451411441418935,0.9777777777777776,0.8978488014751075
svhn,gru,29,0.2,1400,temporalrnn,0.805,90,1127,1400,4003,90,0.2815388458656008,1.0,0.89196675900277
svhn,lstm,0,0.1,700,temporalrnn,0.8542857142857143,89,598,700,3892,90,0.1536485097636176,0.9888888888888888,0.9166724078539442
svhn,lstm,0,0.2,1400,temporalrnn,0.8392857142857143,90,1175,1400,3892,90,0.3019013360739979,1.0,0.9126213592233008
svhn,lstm,1,0.1,700,temporalrnn,0.8528571428571429,90,597,700,3893,90,0.1533521705625481,1.0,0.920585967617579
svhn,lstm,1,0.2,1400,temporalrnn,0.8307142857142857,90,1163,1400,3893,90,0.2987413305933727,1.0,0.907530238002341
svhn,lstm,2,0.1,700,temporalrnn,0.8671428571428571,89,607,700,3889,90,0.1560812548212908,0.9888888888888888,0.9240229196955444
svhn,lstm,2,0.2,1400,temporalrnn,0.8385714285714285,90,1174,1400,3889,90,0.3018770892260221,1.0,0.912198912198912
svhn,lstm,3,0.1,700,temporalrnn,0.8142857142857143,89,570,700,3869,90,0.1473248901524942,0.9888888888888888,0.8931338028169015
svhn,lstm,3,0.2,1400,temporalrnn,0.8178571428571428,90,1145,1400,3869,90,0.2959421039028173,1.0,0.899803536345776
svhn,lstm,4,0.1,700,temporalrnn,0.8471428571428572,89,593,700,3862,90,0.1535473847747281,0.9888888888888888,0.9125443070804876
svhn,lstm,4,0.2,1400,temporalrnn,0.815,90,1141,1400,3862,90,0.2954427757638529,1.0,0.8980716253443526
svhn,lstm,5,0.1,700,temporalrnn,0.8342857142857143,90,584,700,3869,90,0.1509433962264151,1.0,0.909657320872274
svhn,lstm,5,0.2,1400,temporalrnn,0.8192857142857143,90,1147,1400,3869,90,0.2964590333419488,1.0,0.9006674519042009
svhn,lstm,6,0.1,700,temporalrnn,0.85,89,595,700,3873,90,0.1536276788019623,0.9888888888888888,0.9141993957703928
svhn,lstm,6,0.2,1400,temporalrnn,0.8307142857142857,90,1163,1400,3873,90,0.300284017557449,1.0,0.907530238002341
svhn,lstm,7,0.1,700,temporalrnn,0.8385714285714285,90,587,700,3936,90,0.1491361788617886,1.0,0.912198912198912
svhn,lstm,7,0.2,1400,temporalrnn,0.8307142857142857,90,1163,1400,3936,90,0.2954776422764227,1.0,0.907530238002341
svhn,lstm,8,0.1,700,temporalrnn,0.8528571428571429,90,597,700,3950,90,0.1511392405063291,1.0,0.920585967617579
svhn,lstm,8,0.2,1400,temporalrnn,0.8264285714285714,90,1157,1400,3950,90,0.2929113924050633,1.0,0.9049667579194368
svhn,lstm,9,0.1,700,temporalrnn,0.8614285714285714,90,603,700,3914,90,0.1540623403168114,1.0,0.9255564082885648
svhn,lstm,9,0.2,1400,temporalrnn,0.8385714285714285,90,1174,1400,3914,90,0.2999489013796627,1.0,0.912198912198912
svhn,lstm,10,0.1,700,temporalrnn,0.8571428571428571,90,600,700,3927,90,0.1527883880825057,1.0,0.923076923076923
svhn,lstm,10,0.2,1400,temporalrnn,0.8314285714285714,90,1164,1400,3927,90,0.2964094728800611,1.0,0.90795631825273
svhn,lstm,11,0.1,700,temporalrnn,0.8614285714285714,90,603,700,3888,90,0.1550925925925926,1.0,0.9255564082885648
svhn,lstm,11,0.2,1400,temporalrnn,0.8257142857142857,90,1156,1400,3888,90,0.2973251028806584,1.0,0.9045383411580596
svhn,lstm,12,0.1,700,temporalrnn,0.8542857142857143,90,598,700,3901,90,0.1532940271725198,1.0,0.921417565485362
svhn,lstm,12,0.2,1400,temporalrnn,0.8271428571428572,90,1158,1400,3901,90,0.2968469623173545,1.0,0.90539483971853
svhn,lstm,13,0.1,700,temporalrnn,0.87,90,609,700,3917,90,0.1554761296910901,1.0,0.9304812834224598
svhn,lstm,13,0.2,1400,temporalrnn,0.8421428571428572,90,1179,1400,3917,90,0.3009956599438346,1.0,0.9143078712679334
svhn,lstm,14,0.1,700,temporalrnn,0.8514285714285714,89,596,700,3917,90,0.1521572632116415,0.9888888888888888,0.9150250129377264
svhn,lstm,14,0.2,1400,temporalrnn,0.8342857142857143,90,1168,1400,3917,90,0.2981873883073781,1.0,0.909657320872274
svhn,lstm,15,0.1,700,temporalrnn,0.8357142857142857,88,585,700,3875,90,0.1509677419354838,0.9777777777777776,0.9011816192560176
svhn,lstm,15,0.2,1400,temporalrnn,0.825,90,1155,1400,3875,90,0.2980645161290322,1.0,0.9041095890410958
svhn,lstm,16,0.1,700,temporalrnn,0.8528571428571429,90,597,700,3870,90,0.1542635658914728,1.0,0.920585967617579
svhn,lstm,16,0.2,1400,temporalrnn,0.825,90,1155,1400,3870,90,0.2984496124031007,1.0,0.9041095890410958
svhn,lstm,17,0.1,700,temporalrnn,0.85,90,595,700,3912,90,0.1520961145194274,1.0,0.9189189189189187
svhn,lstm,17,0.2,1400,temporalrnn,0.8285714285714286,90,1160,1400,3912,90,0.2965235173824131,1.0,0.90625
svhn,lstm,18,0.1,700,temporalrnn,0.8528571428571429,90,597,700,3922,90,0.1522182559918408,1.0,0.920585967617579
svhn,lstm,18,0.2,1400,temporalrnn,0.8285714285714286,90,1160,1400,3922,90,0.2957674655787863,1.0,0.90625
svhn,lstm,19,0.1,700,temporalrnn,0.84,90,588,700,3910,90,0.1503836317135549,1.0,0.9130434782608696
svhn,lstm,19,0.2,1400,temporalrnn,0.8285714285714286,90,1160,1400,3910,90,0.2966751918158568,1.0,0.90625
svhn,lstm,20,0.1,700,temporalrnn,0.8528571428571429,90,597,700,3928,90,0.1519857433808554,1.0,0.920585967617579
svhn,lstm,20,0.2,1400,temporalrnn,0.825,90,1155,1400,3928,90,0.2940427698574338,1.0,0.9041095890410958
svhn,lstm,21,0.1,700,temporalrnn,0.8471428571428572,90,593,700,3870,90,0.1532299741602067,1.0,0.917246713070379
svhn,lstm,21,0.2,1400,temporalrnn,0.8242857142857143,90,1154,1400,3870,90,0.2981912144702842,1.0,0.903680501174628
svhn,lstm,22,0.1,700,temporalrnn,0.8485714285714285,89,594,700,3887,90,0.1528170825829688,0.9888888888888888,0.9133724948168626
svhn,lstm,22,0.2,1400,temporalrnn,0.8135714285714286,90,1139,1400,3887,90,0.2930280421919218,1.0,0.8972036234738087
svhn,lstm,23,0.1,700,temporalrnn,0.8514285714285714,89,596,700,3912,90,0.1523517382413088,0.9888888888888888,0.9150250129377264
svhn,lstm,23,0.2,1400,temporalrnn,0.8292857142857143,90,1161,1400,3912,90,0.2967791411042945,1.0,0.9066770792659118
svhn,lstm,24,0.1,700,temporalrnn,0.8614285714285714,90,603,700,3899,90,0.154655039753783,1.0,0.9255564082885648
svhn,lstm,24,0.2,1400,temporalrnn,0.8292857142857143,90,1161,1400,3899,90,0.297768658630418,1.0,0.9066770792659118
svhn,lstm,25,0.1,700,temporalrnn,0.8485714285714285,89,594,700,3915,90,0.1517241379310344,0.9888888888888888,0.9133724948168626
svhn,lstm,25,0.2,1400,temporalrnn,0.8342857142857143,90,1168,1400,3915,90,0.2983397190293742,1.0,0.909657320872274
svhn,lstm,26,0.1,700,temporalrnn,0.8742857142857143,90,612,700,3928,90,0.1558044806517311,1.0,0.9329268292682928
svhn,lstm,26,0.2,1400,temporalrnn,0.8357142857142857,90,1170,1400,3928,90,0.2978615071283095,1.0,0.9105058365758756
svhn,lstm,27,0.1,700,temporalrnn,0.8571428571428571,89,600,700,3817,90,0.1571915116583704,0.9888888888888888,0.9183147033533964
svhn,lstm,27,0.2,1400,temporalrnn,0.8242857142857143,90,1154,1400,3817,90,0.3023316740895991,1.0,0.903680501174628
svhn,lstm,28,0.1,700,temporalrnn,0.8428571428571429,90,590,700,3857,90,0.152968628467721,1.0,0.9147286821705426
svhn,lstm,28,0.2,1400,temporalrnn,0.8178571428571428,90,1145,1400,3857,90,0.2968628467721027,1.0,0.899803536345776
svhn,lstm,29,0.1,700,temporalrnn,0.8528571428571429,90,597,700,3943,90,0.1514075576971849,1.0,0.920585967617579
svhn,lstm,29,0.2,1400,temporalrnn,0.8307142857142857,90,1163,1400,3943,90,0.2949530814100938,1.0,0.907530238002341

